{"info":{"year":"2024","version":"4","description":"Exported from roboflow.com","contributor":"","url":"https://public.roboflow.com/object-detection/undefined","date_created":"2024-05-08T11:09:48+00:00"},"licenses":[{"id":1,"url":"https://creativecommons.org/licenses/by/4.0/","name":"CC BY 4.0"}],"categories":[{"id":0,"name":"pathologies","supercategory":"none"},{"id":1,"name":"Compression","supercategory":"pathologies"},{"id":2,"name":"Distal","supercategory":"pathologies"},{"id":3,"name":"Distraction","supercategory":"pathologies"},{"id":4,"name":"Lateral","supercategory":"pathologies"},{"id":5,"name":"Medial","supercategory":"pathologies"},{"id":6,"name":"Mezial","supercategory":"pathologies"},{"id":7,"name":"Normal","supercategory":"pathologies"}],"images":[{"id":0,"license":1,"file_name":"-253-_png.rf.01d5d6ecb34c5d815193c97933ae6ecd.jpg","height":600,"width":960,"date_captured":"2024-05-08T11:09:48+00:00"},{"id":1,"license":1,"file_name":"-104-_png.rf.077ab8bb5d0f358d5580643c121c279a.jpg","height":600,"width":960,"date_captured":"2024-05-08T11:09:48+00:00"},{"id":2,"license":1,"file_name":"-185-_png.rf.5c0a7ba72f943859ac455b51d9efcc59.jpg","height":600,"width":960,"date_captured":"2024-05-08T11:09:48+00:00"},{"id":3,"license":1,"file_name":"-10-_png.rf.3ede336bdeb9cc4d8b929b075a73eaef.jpg","height":600,"width":960,"date_captured":"2024-05-08T11:09:48+00:00"},{"id":4,"license":1,"file_name":"-175-_png.rf.3af6f026215a18c859e55804bf71f031.jpg","height":600,"width":960,"date_captured":"2024-05-08T11:09:48+00:00"},{"id":5,"license":1,"file_name":"-151-_png.rf.71d702567a0e027febea76783dee195f.jpg","height":600,"width":960,"date_captured":"2024-05-08T11:09:48+00:00"},{"id":6,"license":1,"file_name":"-137-_png.rf.65a2b662c2ecd8aef6b369505e929b0b.jpg","height":600,"width":960,"date_captured":"2024-05-08T11:09:48+00:00"},{"id":7,"license":1,"file_name":"-22-_png.rf.1410be2f2388328dfa9c55da5cd4bdd6.jpg","height":600,"width":960,"date_captured":"2024-05-08T11:09:48+00:00"},{"id":8,"license":1,"file_name":"-18-_png.rf.2b5d2982f827eca671696d37693376ff.jpg","height":600,"width":960,"date_captured":"2024-05-08T11:09:48+00:00"},{"id":9,"license":1,"file_name":"-22-_png.rf.0f3f53cfe41b62488118ff87aac5d538.jpg","height":600,"width":960,"date_captured":"2024-05-08T11:09:48+00:00"},{"id":10,"license":1,"file_name":"-153-_png.rf.35f2046c4a62fd073ff5a6bd689607e9.jpg","height":600,"width":960,"date_captured":"2024-05-08T11:09:48+00:00"},{"id":11,"license":1,"file_name":"-104-_png.rf.0b924d43f0716157e334b529756e2dc4.jpg","height":600,"width":960,"date_captured":"2024-05-08T11:09:48+00:00"},{"id":12,"license":1,"file_name":"-13-_png.rf.6c8b485e478dac3a0e5cc9a43e47646b.jpg","height":600,"width":960,"date_captured":"2024-05-08T11:09:48+00:00"},{"id":13,"license":1,"file_name":"-10-_png.rf.1b31c0e564988d3bc5aef9402681ab36.jpg","height":600,"width":960,"date_captured":"2024-05-08T11:09:48+00:00"},{"id":14,"license":1,"file_name":"-151-_png.rf.1c3cbe09e70e84e9134219d022355406.jpg","height":600,"width":960,"date_captured":"2024-05-08T11:09:48+00:00"},{"id":15,"license":1,"file_name":"-107-_png.rf.554e19dbbe0630818e973db9238b8920.jpg","height":600,"width":960,"date_captured":"2024-05-08T11:09:48+00:00"},{"id":16,"license":1,"file_name":"-171-_png.rf.50445433f3e1a55be7c556be0e96d2f5.jpg","height":600,"width":960,"date_captured":"2024-05-08T11:09:48+00:00"},{"id":17,"license":1,"file_name":"-175-_png.rf.20be6c3a1ca00795867298476113a3bd.jpg","height":600,"width":960,"date_captured":"2024-05-08T11:09:48+00:00"},{"id":18,"license":1,"file_name":"-138-_png.rf.54e2303424aa80a6af6b0d7299cb5582.jpg","height":600,"width":960,"date_captured":"2024-05-08T11:09:48+00:00"},{"id":19,"license":1,"file_name":"-128-_png.rf.5d4e70cd84330286a17bac6675681772.jpg","height":600,"width":960,"date_captured":"2024-05-08T11:09:48+00:00"},{"id":20,"license":1,"file_name":"-17-_png.rf.1d1c556382672ec2c3637512a443439f.jpg","height":600,"width":960,"date_captured":"2024-05-08T11:09:48+00:00"},{"id":21,"license":1,"file_name":"-151-_png.rf.813faea1bcafec3567995adae926cde1.jpg","height":600,"width":960,"date_captured":"2024-05-08T11:09:48+00:00"},{"id":22,"license":1,"file_name":"-175-_png.rf.69b8a618322e06a489d371462351551e.jpg","height":600,"width":960,"date_captured":"2024-05-08T11:09:48+00:00"},{"id":23,"license":1,"file_name":"-185-_png.rf.7bec37b05a6ca68a8dc9a2f60eb0d65f.jpg","height":600,"width":960,"date_captured":"2024-05-08T11:09:48+00:00"},{"id":24,"license":1,"file_name":"-104-_png.rf.819a9d5d9a57971b550a11f8670dae3d.jpg","height":600,"width":960,"date_captured":"2024-05-08T11:09:48+00:00"},{"id":25,"license":1,"file_name":"-4-_png.rf.bbe35e41fd1c64ce3dab8017cd0d3e66.jpg","height":600,"width":960,"date_captured":"2024-05-08T11:09:48+00:00"},{"id":26,"license":1,"file_name":"-137-_png.rf.8ec8724373646c5cba6ade812acb6a67.jpg","height":600,"width":960,"date_captured":"2024-05-08T11:09:48+00:00"},{"id":27,"license":1,"file_name":"-155-_png.rf.96531c784fbb5bd3177c66b31ce226f1.jpg","height":600,"width":960,"date_captured":"2024-05-08T11:09:48+00:00"},{"id":28,"license":1,"file_name":"-137-_png.rf.a04d44a0482f7bc6b1e9ed5435beada6.jpg","height":600,"width":960,"date_captured":"2024-05-08T11:09:48+00:00"},{"id":29,"license":1,"file_name":"-107-_png.rf.b04ad73570e1061e09370a4a6686d78a.jpg","height":600,"width":960,"date_captured":"2024-05-08T11:09:48+00:00"},{"id":30,"license":1,"file_name":"-207-_png.rf.a45645007efb1761f4c884d09b760e56.jpg","height":600,"width":960,"date_captured":"2024-05-08T11:09:48+00:00"},{"id":31,"license":1,"file_name":"-171-_png.rf.ee1557e59fa41abbce999391beab18d6.jpg","height":600,"width":960,"date_captured":"2024-05-08T11:09:48+00:00"},{"id":32,"license":1,"file_name":"-151-_png.rf.cb1b27278caf8fb36f2aeea9f0251793.jpg","height":600,"width":960,"date_captured":"2024-05-08T11:09:48+00:00"},{"id":33,"license":1,"file_name":"-13-_png.rf.833b814f2a42e7ea477052a338eb558f.jpg","height":600,"width":960,"date_captured":"2024-05-08T11:09:48+00:00"},{"id":34,"license":1,"file_name":"-104-_png.rf.9c33c2ec83848063ffeefe19a5ac7c7e.jpg","height":600,"width":960,"date_captured":"2024-05-08T11:09:48+00:00"},{"id":35,"license":1,"file_name":"-13-_png.rf.d49b4adf29701cb445e67ea2a4fa9a1d.jpg","height":600,"width":960,"date_captured":"2024-05-08T11:09:48+00:00"},{"id":36,"license":1,"file_name":"-104-_png.rf.e48d1dcc37e8e6f4e1fe71296b828539.jpg","height":600,"width":960,"date_captured":"2024-05-08T11:09:48+00:00"},{"id":37,"license":1,"file_name":"-104-_png.rf.8eb0f66a0f0badc122bd9624a80f5cae.jpg","height":600,"width":960,"date_captured":"2024-05-08T11:09:48+00:00"},{"id":38,"license":1,"file_name":"-175-_png.rf.be53fb88713545464191544fb726da94.jpg","height":600,"width":960,"date_captured":"2024-05-08T11:09:48+00:00"},{"id":39,"license":1,"file_name":"-10-_png.rf.dcb93de1ba3b9967a27199b483b7ca43.jpg","height":600,"width":960,"date_captured":"2024-05-08T11:09:48+00:00"},{"id":40,"license":1,"file_name":"-171-_png.rf.add61500178bd522c61a9b9957608866.jpg","height":600,"width":960,"date_captured":"2024-05-08T11:09:48+00:00"},{"id":41,"license":1,"file_name":"-185-_png.rf.032afb55c0b0aae26982c57a40ad90d7.jpg","height":600,"width":960,"date_captured":"2024-05-08T11:09:48+00:00"},{"id":42,"license":1,"file_name":"-137-_png.rf.c516942b89b347d9f402f1a26dd0f5fb.jpg","height":600,"width":960,"date_captured":"2024-05-08T11:09:48+00:00"},{"id":43,"license":1,"file_name":"-18-_png.rf.ea06d83a18f9266d418c8d512c9ad7d5.jpg","height":600,"width":960,"date_captured":"2024-05-08T11:09:48+00:00"},{"id":44,"license":1,"file_name":"-172-_png.rf.bb0b13e8cdc93e0ff7e70202e1ad7615.jpg","height":600,"width":960,"date_captured":"2024-05-08T11:09:48+00:00"},{"id":45,"license":1,"file_name":"-138-_png.rf.e09e11f7304195e2e2e9e43ad16aebbb.jpg","height":600,"width":960,"date_captured":"2024-05-08T11:09:48+00:00"},{"id":46,"license":1,"file_name":"-245-_png.rf.cebd014d4378c9728f94526f5483394b.jpg","height":600,"width":960,"date_captured":"2024-05-08T11:09:48+00:00"},{"id":47,"license":1,"file_name":"-10-_png.rf.e6c0ef0e95ea8ed0b46eee502d9a7729.jpg","height":600,"width":960,"date_captured":"2024-05-08T11:09:48+00:00"},{"id":48,"license":1,"file_name":"-294-_png.rf.f42e7937789972c55ca8ef9114759919.jpg","height":600,"width":960,"date_captured":"2024-05-08T11:09:48+00:00"},{"id":49,"license":1,"file_name":"-171-_png.rf.fbc3fb13f6ce95b4af0ecfc00d3ecfc8.jpg","height":600,"width":960,"date_captured":"2024-05-08T11:09:48+00:00"}],"annotations":[{"id":0,"image_id":0,"category_id":2,"bbox":[394,215,127.5,111.5],"area":14216.25,"segmentation":[],"iscrowd":0},{"id":1,"image_id":1,"category_id":7,"bbox":[368,193,227.5,113.5],"area":25821.25,"segmentation":[],"iscrowd":0},{"id":2,"image_id":2,"category_id":7,"bbox":[296,198,204,103],"area":21012,"segmentation":[],"iscrowd":0},{"id":3,"image_id":3,"category_id":4,"bbox":[379,220,213.5,122.5],"area":26153.75,"segmentation":[],"iscrowd":0},{"id":4,"image_id":4,"category_id":4,"bbox":[324,236,239,95.5],"area":22824.5,"segmentation":[],"iscrowd":0},{"id":5,"image_id":5,"category_id":5,"bbox":[354,183,187.5,99.5],"area":18656.25,"segmentation":[],"iscrowd":0},{"id":6,"image_id":6,"category_id":5,"bbox":[376,176,159,102],"area":16218,"segmentation":[],"iscrowd":0},{"id":7,"image_id":7,"category_id":6,"bbox":[396,247,116,69.5],"area":8062,"segmentation":[],"iscrowd":0},{"id":8,"image_id":8,"category_id":1,"bbox":[352,173,138,102],"area":14076,"segmentation":[],"iscrowd":0},{"id":9,"image_id":9,"category_id":6,"bbox":[382,236,142.5,89.5],"area":12753.75,"segmentation":[],"iscrowd":0},{"id":10,"image_id":10,"category_id":2,"bbox":[387,228,133.5,117.5],"area":15686.25,"segmentation":[],"iscrowd":0},{"id":11,"image_id":11,"category_id":7,"bbox":[349,200,187.5,90.5],"area":16968.75,"segmentation":[],"iscrowd":0},{"id":12,"image_id":12,"category_id":7,"bbox":[371,209,193,112],"area":21616,"segmentation":[],"iscrowd":0},{"id":13,"image_id":13,"category_id":4,"bbox":[360,221,232,120],"area":27840,"segmentation":[],"iscrowd":0},{"id":14,"image_id":14,"category_id":5,"bbox":[333,156,180,101],"area":18180,"segmentation":[],"iscrowd":0},{"id":15,"image_id":15,"category_id":6,"bbox":[408,207,121,88],"area":10648,"segmentation":[],"iscrowd":0},{"id":16,"image_id":16,"category_id":4,"bbox":[310,243,261,104.5],"area":27274.5,"segmentation":[],"iscrowd":0},{"id":17,"image_id":17,"category_id":4,"bbox":[339,218,242.5,113],"area":27402.5,"segmentation":[],"iscrowd":0},{"id":18,"image_id":18,"category_id":5,"bbox":[355,196,230.5,97.5],"area":22473.75,"segmentation":[],"iscrowd":0},{"id":19,"image_id":19,"category_id":6,"bbox":[401,215,116,89],"area":10324,"segmentation":[],"iscrowd":0},{"id":20,"image_id":20,"category_id":1,"bbox":[404,204,101.5,87.5],"area":8881.25,"segmentation":[],"iscrowd":0},{"id":21,"image_id":21,"category_id":5,"bbox":[406,197,163,92.5],"area":15077.5,"segmentation":[],"iscrowd":0},{"id":22,"image_id":22,"category_id":4,"bbox":[395,313,219.5,99],"area":21730.5,"segmentation":[],"iscrowd":0},{"id":23,"image_id":23,"category_id":7,"bbox":[340,201,146.5,89],"area":13038.5,"segmentation":[],"iscrowd":0},{"id":24,"image_id":24,"category_id":7,"bbox":[385,144,98.5,89.5],"area":8815.75,"segmentation":[],"iscrowd":0},{"id":25,"image_id":25,"category_id":1,"bbox":[351,208,171.5,131],"area":22466.5,"segmentation":[],"iscrowd":0},{"id":26,"image_id":26,"category_id":5,"bbox":[433,184,190.5,105],"area":20002.5,"segmentation":[],"iscrowd":0},{"id":27,"image_id":27,"category_id":3,"bbox":[422,223,141,108.5],"area":15298.5,"segmentation":[],"iscrowd":0},{"id":28,"image_id":28,"category_id":5,"bbox":[385,136,208,109.5],"area":22776,"segmentation":[],"iscrowd":0},{"id":29,"image_id":29,"category_id":6,"bbox":[399,223,129,88],"area":11352,"segmentation":[],"iscrowd":0},{"id":30,"image_id":30,"category_id":2,"bbox":[430,193,119.5,115],"area":13742.5,"segmentation":[],"iscrowd":0},{"id":31,"image_id":31,"category_id":4,"bbox":[341,217,270.5,141],"area":38140.5,"segmentation":[],"iscrowd":0},{"id":32,"image_id":32,"category_id":5,"bbox":[363,166,169.5,101],"area":17119.5,"segmentation":[],"iscrowd":0},{"id":33,"image_id":33,"category_id":7,"bbox":[400,233,196,88],"area":17248,"segmentation":[],"iscrowd":0},{"id":34,"image_id":34,"category_id":7,"bbox":[326,180,118.5,86.5],"area":10250.25,"segmentation":[],"iscrowd":0},{"id":35,"image_id":35,"category_id":7,"bbox":[385,177,106,86.5],"area":9169,"segmentation":[],"iscrowd":0},{"id":36,"image_id":36,"category_id":7,"bbox":[341,242,225,102.5],"area":23062.5,"segmentation":[],"iscrowd":0},{"id":37,"image_id":37,"category_id":7,"bbox":[341,206,223,113],"area":25199,"segmentation":[],"iscrowd":0},{"id":38,"image_id":38,"category_id":4,"bbox":[341,221,246,115.5],"area":28413,"segmentation":[],"iscrowd":0},{"id":39,"image_id":39,"category_id":4,"bbox":[422,215,198.5,89.5],"area":17765.75,"segmentation":[],"iscrowd":0},{"id":40,"image_id":40,"category_id":4,"bbox":[369,232,258.5,144],"area":37224,"segmentation":[],"iscrowd":0},{"id":41,"image_id":41,"category_id":7,"bbox":[415,241,198,97.5],"area":19305,"segmentation":[],"iscrowd":0},{"id":42,"image_id":42,"category_id":5,"bbox":[373,227,198,96],"area":19008,"segmentation":[],"iscrowd":0},{"id":43,"image_id":43,"category_id":1,"bbox":[392,173,134,101],"area":13534,"segmentation":[],"iscrowd":0},{"id":44,"image_id":44,"category_id":3,"bbox":[384,244,145.5,114.5],"area":16659.75,"segmentation":[],"iscrowd":0},{"id":45,"image_id":45,"category_id":5,"bbox":[357,163,212.5,96],"area":20400,"segmentation":[],"iscrowd":0},{"id":46,"image_id":46,"category_id":3,"bbox":[383,212,152.5,133],"area":20282.5,"segmentation":[],"iscrowd":0},{"id":47,"image_id":47,"category_id":4,"bbox":[324,217,216,87],"area":18792,"segmentation":[],"iscrowd":0},{"id":48,"image_id":48,"category_id":2,"bbox":[449,233,133.5,129],"area":17221.5,"segmentation":[],"iscrowd":0},{"id":49,"image_id":49,"category_id":4,"bbox":[303,183,279.5,121.5],"area":33959.25,"segmentation":[],"iscrowd":0}]}