<annotation>
	<folder></folder>
	<filename>apple--115-_jpg.rf.b3358e4e5deabb29a748047d66621956.jpg</filename>
	<path>apple--115-_jpg.rf.b3358e4e5deabb29a748047d66621956.jpg</path>
	<source>
		<database>roboflow.ai</database>
	</source>
	<size>
		<width>299</width>
		<height>168</height>
		<depth>3</depth>
	</size>
	<segmented>0</segmented>
	<object>
		<name>damaged_apple</name>
		<pose>Unspecified</pose>
		<truncated>0</truncated>
		<difficult>0</difficult>
		<occluded>0</occluded>
		<bndbox>
			<xmin>110</xmin>
			<xmax>197</xmax>
			<ymin>75</ymin>
			<ymax>141</ymax>
		</bndbox>
	</object>
</annotation>
