<annotation>
	<folder></folder>
	<filename>apple--104-_jpg.rf.903ae0b65f5c1588740e875270e785b6.jpg</filename>
	<path>apple--104-_jpg.rf.903ae0b65f5c1588740e875270e785b6.jpg</path>
	<source>
		<database>roboflow.ai</database>
	</source>
	<size>
		<width>265</width>
		<height>190</height>
		<depth>3</depth>
	</size>
	<segmented>0</segmented>
	<object>
		<name>damaged_apple</name>
		<pose>Unspecified</pose>
		<truncated>0</truncated>
		<difficult>0</difficult>
		<occluded>0</occluded>
		<bndbox>
			<xmin>182</xmin>
			<xmax>216</xmax>
			<ymin>37</ymin>
			<ymax>75</ymax>
		</bndbox>
	</object>
</annotation>
