<annotation>
	<folder></folder>
	<filename>apple--56-_jpg.rf.e5a59e06ddf2a06068fcc19ba0873291.jpg</filename>
	<path>apple--56-_jpg.rf.e5a59e06ddf2a06068fcc19ba0873291.jpg</path>
	<source>
		<database>roboflow.ai</database>
	</source>
	<size>
		<width>283</width>
		<height>178</height>
		<depth>3</depth>
	</size>
	<segmented>0</segmented>
	<object>
		<name>damaged_apple</name>
		<pose>Unspecified</pose>
		<truncated>0</truncated>
		<difficult>0</difficult>
		<occluded>0</occluded>
		<bndbox>
			<xmin>46</xmin>
			<xmax>249</xmax>
			<ymin>15</ymin>
			<ymax>176</ymax>
		</bndbox>
	</object>
</annotation>
