<annotation>
	<folder></folder>
	<filename>apple--309-_jpg.rf.59c28e2cc21ce83961c9e4570f899046.jpg</filename>
	<path>apple--309-_jpg.rf.59c28e2cc21ce83961c9e4570f899046.jpg</path>
	<source>
		<database>roboflow.ai</database>
	</source>
	<size>
		<width>301</width>
		<height>167</height>
		<depth>3</depth>
	</size>
	<segmented>0</segmented>
	<object>
		<name>damaged_apple</name>
		<pose>Unspecified</pose>
		<truncated>0</truncated>
		<difficult>0</difficult>
		<occluded>0</occluded>
		<bndbox>
			<xmin>161</xmin>
			<xmax>283</xmax>
			<ymin>36</ymin>
			<ymax>156</ymax>
		</bndbox>
	</object>
</annotation>
