<annotation>
	<folder></folder>
	<filename>apple--177-_jpg.rf.d354be86ad258ea0b1a01afc83ce4567.jpg</filename>
	<path>apple--177-_jpg.rf.d354be86ad258ea0b1a01afc83ce4567.jpg</path>
	<source>
		<database>roboflow.ai</database>
	</source>
	<size>
		<width>275</width>
		<height>183</height>
		<depth>3</depth>
	</size>
	<segmented>0</segmented>
	<object>
		<name>damaged_apple</name>
		<pose>Unspecified</pose>
		<truncated>0</truncated>
		<difficult>0</difficult>
		<occluded>0</occluded>
		<bndbox>
			<xmin>77</xmin>
			<xmax>202</xmax>
			<ymin>54</ymin>
			<ymax>164</ymax>
		</bndbox>
	</object>
</annotation>
