<annotation>
	<folder></folder>
	<filename>apple--304-_jpg.rf.f69c2f87f4aaf679eee250beff10c9a0.jpg</filename>
	<path>apple--304-_jpg.rf.f69c2f87f4aaf679eee250beff10c9a0.jpg</path>
	<source>
		<database>roboflow.ai</database>
	</source>
	<size>
		<width>244</width>
		<height>206</height>
		<depth>3</depth>
	</size>
	<segmented>0</segmented>
	<object>
		<name>damaged_apple</name>
		<pose>Unspecified</pose>
		<truncated>0</truncated>
		<difficult>0</difficult>
		<occluded>0</occluded>
		<bndbox>
			<xmin>26</xmin>
			<xmax>76</xmax>
			<ymin>118</ymin>
			<ymax>157</ymax>
		</bndbox>
	</object>
	<object>
		<name>damaged_apple</name>
		<pose>Unspecified</pose>
		<truncated>0</truncated>
		<difficult>0</difficult>
		<occluded>0</occluded>
		<bndbox>
			<xmin>80</xmin>
			<xmax>122</xmax>
			<ymin>84</ymin>
			<ymax>122</ymax>
		</bndbox>
	</object>
	<object>
		<name>damaged_apple</name>
		<pose>Unspecified</pose>
		<truncated>0</truncated>
		<difficult>0</difficult>
		<occluded>0</occluded>
		<bndbox>
			<xmin>124</xmin>
			<xmax>168</xmax>
			<ymin>86</ymin>
			<ymax>124</ymax>
		</bndbox>
	</object>
</annotation>
