<annotation>
	<folder></folder>
	<filename>apple--103-_jpg.rf.62ad19b4be3174e3b42d70c91b68b4bd.jpg</filename>
	<path>apple--103-_jpg.rf.62ad19b4be3174e3b42d70c91b68b4bd.jpg</path>
	<source>
		<database>roboflow.ai</database>
	</source>
	<size>
		<width>201</width>
		<height>251</height>
		<depth>3</depth>
	</size>
	<segmented>0</segmented>
	<object>
		<name>damaged_apple</name>
		<pose>Unspecified</pose>
		<truncated>0</truncated>
		<difficult>0</difficult>
		<occluded>0</occluded>
		<bndbox>
			<xmin>40</xmin>
			<xmax>167</xmax>
			<ymin>50</ymin>
			<ymax>172</ymax>
		</bndbox>
	</object>
</annotation>
