<annotation>
	<folder></folder>
	<filename>apple--99-_jpg.rf.dbe302141346abbe5a8502752a97a43a.jpg</filename>
	<path>apple--99-_jpg.rf.dbe302141346abbe5a8502752a97a43a.jpg</path>
	<source>
		<database>roboflow.ai</database>
	</source>
	<size>
		<width>300</width>
		<height>168</height>
		<depth>3</depth>
	</size>
	<segmented>0</segmented>
	<object>
		<name>damaged_apple</name>
		<pose>Unspecified</pose>
		<truncated>0</truncated>
		<difficult>0</difficult>
		<occluded>0</occluded>
		<bndbox>
			<xmin>99</xmin>
			<xmax>161</xmax>
			<ymin>75</ymin>
			<ymax>107</ymax>
		</bndbox>
	</object>
	<object>
		<name>damaged_apple</name>
		<pose>Unspecified</pose>
		<truncated>0</truncated>
		<difficult>0</difficult>
		<occluded>0</occluded>
		<bndbox>
			<xmin>164</xmin>
			<xmax>222</xmax>
			<ymin>70</ymin>
			<ymax>114</ymax>
		</bndbox>
	</object>
</annotation>
