<annotation>
	<folder></folder>
	<filename>apple--315-_jpg.rf.5eda0745d8a8fd7fee02623acde87cb1.jpg</filename>
	<path>apple--315-_jpg.rf.5eda0745d8a8fd7fee02623acde87cb1.jpg</path>
	<source>
		<database>roboflow.ai</database>
	</source>
	<size>
		<width>242</width>
		<height>208</height>
		<depth>3</depth>
	</size>
	<segmented>0</segmented>
	<object>
		<name>damaged_apple</name>
		<pose>Unspecified</pose>
		<truncated>0</truncated>
		<difficult>0</difficult>
		<occluded>0</occluded>
		<bndbox>
			<xmin>204</xmin>
			<xmax>242</xmax>
			<ymin>132</ymin>
			<ymax>190</ymax>
		</bndbox>
	</object>
</annotation>
