<annotation>
	<folder></folder>
	<filename>apple--108-_jpg.rf.ade24e58fef52369030b5ec5f5334dbc.jpg</filename>
	<path>apple--108-_jpg.rf.ade24e58fef52369030b5ec5f5334dbc.jpg</path>
	<source>
		<database>roboflow.ai</database>
	</source>
	<size>
		<width>275</width>
		<height>183</height>
		<depth>3</depth>
	</size>
	<segmented>0</segmented>
	<object>
		<name>damaged_apple</name>
		<pose>Unspecified</pose>
		<truncated>0</truncated>
		<difficult>0</difficult>
		<occluded>0</occluded>
		<bndbox>
			<xmin>79</xmin>
			<xmax>142</xmax>
			<ymin>34</ymin>
			<ymax>99</ymax>
		</bndbox>
	</object>
	<object>
		<name>damaged_apple</name>
		<pose>Unspecified</pose>
		<truncated>0</truncated>
		<difficult>0</difficult>
		<occluded>0</occluded>
		<bndbox>
			<xmin>168</xmin>
			<xmax>226</xmax>
			<ymin>95</ymin>
			<ymax>161</ymax>
		</bndbox>
	</object>
</annotation>
