<annotation>
	<folder></folder>
	<filename>apple--164-_jpg.rf.9f1150d2d5852f120eebdee567bfeee4.jpg</filename>
	<path>apple--164-_jpg.rf.9f1150d2d5852f120eebdee567bfeee4.jpg</path>
	<source>
		<database>roboflow.ai</database>
	</source>
	<size>
		<width>225</width>
		<height>225</height>
		<depth>3</depth>
	</size>
	<segmented>0</segmented>
	<object>
		<name>damaged_apple</name>
		<pose>Unspecified</pose>
		<truncated>0</truncated>
		<difficult>0</difficult>
		<occluded>0</occluded>
		<bndbox>
			<xmin>69</xmin>
			<xmax>200</xmax>
			<ymin>77</ymin>
			<ymax>190</ymax>
		</bndbox>
	</object>
</annotation>
