<annotation>
	<folder></folder>
	<filename>apple--362-_jpg.rf.9d5d151706a6645338c7c32f5d0005a2.jpg</filename>
	<path>apple--362-_jpg.rf.9d5d151706a6645338c7c32f5d0005a2.jpg</path>
	<source>
		<database>roboflow.ai</database>
	</source>
	<size>
		<width>232</width>
		<height>218</height>
		<depth>3</depth>
	</size>
	<segmented>0</segmented>
	<object>
		<name>damaged_apple</name>
		<pose>Unspecified</pose>
		<truncated>0</truncated>
		<difficult>0</difficult>
		<occluded>0</occluded>
		<bndbox>
			<xmin>38</xmin>
			<xmax>196</xmax>
			<ymin>26</ymin>
			<ymax>179</ymax>
		</bndbox>
	</object>
</annotation>
