<annotation>
	<folder></folder>
	<filename>apple--124-_jpg.rf.c0accb086c9ab76d01380ed4579db1c6.jpg</filename>
	<path>apple--124-_jpg.rf.c0accb086c9ab76d01380ed4579db1c6.jpg</path>
	<source>
		<database>roboflow.ai</database>
	</source>
	<size>
		<width>300</width>
		<height>168</height>
		<depth>3</depth>
	</size>
	<segmented>0</segmented>
	<object>
		<name>damaged_apple</name>
		<pose>Unspecified</pose>
		<truncated>0</truncated>
		<difficult>0</difficult>
		<occluded>0</occluded>
		<bndbox>
			<xmin>142</xmin>
			<xmax>207</xmax>
			<ymin>108</ymin>
			<ymax>165</ymax>
		</bndbox>
	</object>
	<object>
		<name>damaged_apple</name>
		<pose>Unspecified</pose>
		<truncated>0</truncated>
		<difficult>0</difficult>
		<occluded>0</occluded>
		<bndbox>
			<xmin>246</xmin>
			<xmax>272</xmax>
			<ymin>116</ymin>
			<ymax>153</ymax>
		</bndbox>
	</object>
</annotation>
