<annotation>
	<folder></folder>
	<filename>apple--62-_jpg.rf.ca270eaad634f8f052906cd7870bb36c.jpg</filename>
	<path>apple--62-_jpg.rf.ca270eaad634f8f052906cd7870bb36c.jpg</path>
	<source>
		<database>roboflow.ai</database>
	</source>
	<size>
		<width>264</width>
		<height>191</height>
		<depth>3</depth>
	</size>
	<segmented>0</segmented>
	<object>
		<name>damaged_apple</name>
		<pose>Unspecified</pose>
		<truncated>0</truncated>
		<difficult>0</difficult>
		<occluded>0</occluded>
		<bndbox>
			<xmin>144</xmin>
			<xmax>230</xmax>
			<ymin>79</ymin>
			<ymax>158</ymax>
		</bndbox>
	</object>
</annotation>
