<annotation>
	<folder></folder>
	<filename>apple--230-_jpg.rf.797eaa7fbdbea9eadb1c6d5eaf01c67d.jpg</filename>
	<path>apple--230-_jpg.rf.797eaa7fbdbea9eadb1c6d5eaf01c67d.jpg</path>
	<source>
		<database>roboflow.ai</database>
	</source>
	<size>
		<width>183</width>
		<height>275</height>
		<depth>3</depth>
	</size>
	<segmented>0</segmented>
	<object>
		<name>damaged_apple</name>
		<pose>Unspecified</pose>
		<truncated>0</truncated>
		<difficult>0</difficult>
		<occluded>0</occluded>
		<bndbox>
			<xmin>20</xmin>
			<xmax>61</xmax>
			<ymin>96</ymin>
			<ymax>144</ymax>
		</bndbox>
	</object>
	<object>
		<name>damaged_apple</name>
		<pose>Unspecified</pose>
		<truncated>0</truncated>
		<difficult>0</difficult>
		<occluded>0</occluded>
		<bndbox>
			<xmin>30</xmin>
			<xmax>79</xmax>
			<ymin>145</ymin>
			<ymax>192</ymax>
		</bndbox>
	</object>
</annotation>
