<annotation>
	<folder></folder>
	<filename>apple--27-_jpg.rf.277f9f8e75f4dff6c2e72f4189d45cfa.jpg</filename>
	<path>apple--27-_jpg.rf.277f9f8e75f4dff6c2e72f4189d45cfa.jpg</path>
	<source>
		<database>roboflow.ai</database>
	</source>
	<size>
		<width>183</width>
		<height>275</height>
		<depth>3</depth>
	</size>
	<segmented>0</segmented>
	<object>
		<name>damaged_apple</name>
		<pose>Unspecified</pose>
		<truncated>0</truncated>
		<difficult>0</difficult>
		<occluded>0</occluded>
		<bndbox>
			<xmin>42</xmin>
			<xmax>151</xmax>
			<ymin>85</ymin>
			<ymax>191</ymax>
		</bndbox>
	</object>
</annotation>
