<annotation>
	<folder></folder>
	<filename>apple--294-_jpg.rf.615d6e8b6077496269b85a3c63d237eb.jpg</filename>
	<path>apple--294-_jpg.rf.615d6e8b6077496269b85a3c63d237eb.jpg</path>
	<source>
		<database>roboflow.ai</database>
	</source>
	<size>
		<width>275</width>
		<height>183</height>
		<depth>3</depth>
	</size>
	<segmented>0</segmented>
	<object>
		<name>damaged_apple</name>
		<pose>Unspecified</pose>
		<truncated>0</truncated>
		<difficult>0</difficult>
		<occluded>0</occluded>
		<bndbox>
			<xmin>8</xmin>
			<xmax>99</xmax>
			<ymin>110</ymin>
			<ymax>174</ymax>
		</bndbox>
	</object>
</annotation>
