<annotation>
	<folder></folder>
	<filename>apple--183-_jpg.rf.585dd11ba63a05ef8aea7f03547f274e.jpg</filename>
	<path>apple--183-_jpg.rf.585dd11ba63a05ef8aea7f03547f274e.jpg</path>
	<source>
		<database>roboflow.ai</database>
	</source>
	<size>
		<width>275</width>
		<height>183</height>
		<depth>3</depth>
	</size>
	<segmented>0</segmented>
	<object>
		<name>damaged_apple</name>
		<pose>Unspecified</pose>
		<truncated>0</truncated>
		<difficult>0</difficult>
		<occluded>0</occluded>
		<bndbox>
			<xmin>46</xmin>
			<xmax>137</xmax>
			<ymin>74</ymin>
			<ymax>149</ymax>
		</bndbox>
	</object>
</annotation>
