<annotation>
	<folder></folder>
	<filename>apple--274-_jpg.rf.d58e4e52d25c76cdafd609aed1918ce8.jpg</filename>
	<path>apple--274-_jpg.rf.d58e4e52d25c76cdafd609aed1918ce8.jpg</path>
	<source>
		<database>roboflow.ai</database>
	</source>
	<size>
		<width>262</width>
		<height>192</height>
		<depth>3</depth>
	</size>
	<segmented>0</segmented>
	<object>
		<name>damaged_apple</name>
		<pose>Unspecified</pose>
		<truncated>0</truncated>
		<difficult>0</difficult>
		<occluded>0</occluded>
		<bndbox>
			<xmin>44</xmin>
			<xmax>122</xmax>
			<ymin>80</ymin>
			<ymax>162</ymax>
		</bndbox>
	</object>
</annotation>
