<annotation>
	<folder></folder>
	<filename>apple--242-_jpg.rf.51e38ec51931f20ba2ce610e16467cca.jpg</filename>
	<path>apple--242-_jpg.rf.51e38ec51931f20ba2ce610e16467cca.jpg</path>
	<source>
		<database>roboflow.ai</database>
	</source>
	<size>
		<width>215</width>
		<height>142</height>
		<depth>3</depth>
	</size>
	<segmented>0</segmented>
	<object>
		<name>damaged_apple</name>
		<pose>Unspecified</pose>
		<truncated>0</truncated>
		<difficult>0</difficult>
		<occluded>0</occluded>
		<bndbox>
			<xmin>79</xmin>
			<xmax>147</xmax>
			<ymin>39</ymin>
			<ymax>109</ymax>
		</bndbox>
	</object>
</annotation>
