<annotation>
	<folder></folder>
	<filename>apple--90-_jpg.rf.5f5aaa729924c4e4836b54c6dea1541b.jpg</filename>
	<path>apple--90-_jpg.rf.5f5aaa729924c4e4836b54c6dea1541b.jpg</path>
	<source>
		<database>roboflow.ai</database>
	</source>
	<size>
		<width>376</width>
		<height>134</height>
		<depth>3</depth>
	</size>
	<segmented>0</segmented>
	<object>
		<name>damaged_apple</name>
		<pose>Unspecified</pose>
		<truncated>0</truncated>
		<difficult>0</difficult>
		<occluded>0</occluded>
		<bndbox>
			<xmin>301</xmin>
			<xmax>370</xmax>
			<ymin>34</ymin>
			<ymax>99</ymax>
		</bndbox>
	</object>
</annotation>
