<annotation>
	<folder></folder>
	<filename>apple--364-_jpg.rf.eec3c85c1e8b0d4a2d1661209797a3d8.jpg</filename>
	<path>apple--364-_jpg.rf.eec3c85c1e8b0d4a2d1661209797a3d8.jpg</path>
	<source>
		<database>roboflow.ai</database>
	</source>
	<size>
		<width>225</width>
		<height>225</height>
		<depth>3</depth>
	</size>
	<segmented>0</segmented>
	<object>
		<name>damaged_apple</name>
		<pose>Unspecified</pose>
		<truncated>0</truncated>
		<difficult>0</difficult>
		<occluded>0</occluded>
		<bndbox>
			<xmin>85</xmin>
			<xmax>214</xmax>
			<ymin>104</ymin>
			<ymax>201</ymax>
		</bndbox>
	</object>
</annotation>
