<annotation>
	<folder></folder>
	<filename>apple--89-_jpg.rf.d01103a7f42712fca20d6ebaa0b34a53.jpg</filename>
	<path>apple--89-_jpg.rf.d01103a7f42712fca20d6ebaa0b34a53.jpg</path>
	<source>
		<database>roboflow.ai</database>
	</source>
	<size>
		<width>310</width>
		<height>163</height>
		<depth>3</depth>
	</size>
	<segmented>0</segmented>
	<object>
		<name>damaged_apple</name>
		<pose>Unspecified</pose>
		<truncated>0</truncated>
		<difficult>0</difficult>
		<occluded>0</occluded>
		<bndbox>
			<xmin>35</xmin>
			<xmax>168</xmax>
			<ymin>34</ymin>
			<ymax>144</ymax>
		</bndbox>
	</object>
	<object>
		<name>damaged_apple</name>
		<pose>Unspecified</pose>
		<truncated>0</truncated>
		<difficult>0</difficult>
		<occluded>0</occluded>
		<bndbox>
			<xmin>67</xmin>
			<xmax>178</xmax>
			<ymin>13</ymin>
			<ymax>69</ymax>
		</bndbox>
	</object>
</annotation>
