<annotation>
	<folder></folder>
	<filename>apple--21-_jpg.rf.2bf28c7099c14571f1d64b4c8fedb6bf.jpg</filename>
	<path>apple--21-_jpg.rf.2bf28c7099c14571f1d64b4c8fedb6bf.jpg</path>
	<source>
		<database>roboflow.ai</database>
	</source>
	<size>
		<width>267</width>
		<height>189</height>
		<depth>3</depth>
	</size>
	<segmented>0</segmented>
	<object>
		<name>damaged_apple</name>
		<pose>Unspecified</pose>
		<truncated>0</truncated>
		<difficult>0</difficult>
		<occluded>0</occluded>
		<bndbox>
			<xmin>41</xmin>
			<xmax>169</xmax>
			<ymin>73</ymin>
			<ymax>172</ymax>
		</bndbox>
	</object>
</annotation>
