<annotation>
	<folder></folder>
	<filename>apple--226-_jpg.rf.94fbd275d4ed6ae7e57a30b400cef445.jpg</filename>
	<path>apple--226-_jpg.rf.94fbd275d4ed6ae7e57a30b400cef445.jpg</path>
	<source>
		<database>roboflow.ai</database>
	</source>
	<size>
		<width>272</width>
		<height>185</height>
		<depth>3</depth>
	</size>
	<segmented>0</segmented>
	<object>
		<name>damaged_apple</name>
		<pose>Unspecified</pose>
		<truncated>0</truncated>
		<difficult>0</difficult>
		<occluded>0</occluded>
		<bndbox>
			<xmin>62</xmin>
			<xmax>176</xmax>
			<ymin>59</ymin>
			<ymax>158</ymax>
		</bndbox>
	</object>
</annotation>
