<annotation>
	<folder></folder>
	<filename>apple--84-_jpg.rf.fd6b822add5d0249153acf4c519b3ea9.jpg</filename>
	<path>apple--84-_jpg.rf.fd6b822add5d0249153acf4c519b3ea9.jpg</path>
	<source>
		<database>roboflow.ai</database>
	</source>
	<size>
		<width>299</width>
		<height>168</height>
		<depth>3</depth>
	</size>
	<segmented>0</segmented>
	<object>
		<name>damaged_apple</name>
		<pose>Unspecified</pose>
		<truncated>0</truncated>
		<difficult>0</difficult>
		<occluded>0</occluded>
		<bndbox>
			<xmin>111</xmin>
			<xmax>251</xmax>
			<ymin>33</ymin>
			<ymax>160</ymax>
		</bndbox>
	</object>
</annotation>
