<annotation>
	<folder></folder>
	<filename>apple--197-_jpg.rf.2a5c8008ffccac9c630ee0086be70a54.jpg</filename>
	<path>apple--197-_jpg.rf.2a5c8008ffccac9c630ee0086be70a54.jpg</path>
	<source>
		<database>roboflow.ai</database>
	</source>
	<size>
		<width>275</width>
		<height>183</height>
		<depth>3</depth>
	</size>
	<segmented>0</segmented>
	<object>
		<name>damaged_apple</name>
		<pose>Unspecified</pose>
		<truncated>0</truncated>
		<difficult>0</difficult>
		<occluded>0</occluded>
		<bndbox>
			<xmin>68</xmin>
			<xmax>157</xmax>
			<ymin>35</ymin>
			<ymax>103</ymax>
		</bndbox>
	</object>
	<object>
		<name>damaged_apple</name>
		<pose>Unspecified</pose>
		<truncated>0</truncated>
		<difficult>0</difficult>
		<occluded>0</occluded>
		<bndbox>
			<xmin>151</xmin>
			<xmax>235</xmax>
			<ymin>63</ymin>
			<ymax>149</ymax>
		</bndbox>
	</object>
</annotation>
