<annotation>
	<folder></folder>
	<filename>apple--222-_jpg.rf.dc65c324285762bc006f131a80b2ecda.jpg</filename>
	<path>apple--222-_jpg.rf.dc65c324285762bc006f131a80b2ecda.jpg</path>
	<source>
		<database>roboflow.ai</database>
	</source>
	<size>
		<width>276</width>
		<height>182</height>
		<depth>3</depth>
	</size>
	<segmented>0</segmented>
	<object>
		<name>damaged_apple</name>
		<pose>Unspecified</pose>
		<truncated>0</truncated>
		<difficult>0</difficult>
		<occluded>0</occluded>
		<bndbox>
			<xmin>185</xmin>
			<xmax>232</xmax>
			<ymin>109</ymin>
			<ymax>154</ymax>
		</bndbox>
	</object>
	<object>
		<name>damaged_apple</name>
		<pose>Unspecified</pose>
		<truncated>0</truncated>
		<difficult>0</difficult>
		<occluded>0</occluded>
		<bndbox>
			<xmin>212</xmin>
			<xmax>264</xmax>
			<ymin>68</ymin>
			<ymax>112</ymax>
		</bndbox>
	</object>
</annotation>
