<annotation>
	<folder></folder>
	<filename>apple--144-_jpg.rf.629aab5e999d4cc2673bcf417ca686b5.jpg</filename>
	<path>apple--144-_jpg.rf.629aab5e999d4cc2673bcf417ca686b5.jpg</path>
	<source>
		<database>roboflow.ai</database>
	</source>
	<size>
		<width>256</width>
		<height>192</height>
		<depth>3</depth>
	</size>
	<segmented>0</segmented>
	<object>
		<name>damaged_apple</name>
		<pose>Unspecified</pose>
		<truncated>0</truncated>
		<difficult>0</difficult>
		<occluded>0</occluded>
		<bndbox>
			<xmin>63</xmin>
			<xmax>198</xmax>
			<ymin>84</ymin>
			<ymax>188</ymax>
		</bndbox>
	</object>
	<object>
		<name>damaged_apple</name>
		<pose>Unspecified</pose>
		<truncated>0</truncated>
		<difficult>0</difficult>
		<occluded>0</occluded>
		<bndbox>
			<xmin>117</xmin>
			<xmax>231</xmax>
			<ymin>62</ymin>
			<ymax>132</ymax>
		</bndbox>
	</object>
</annotation>
