<annotation>
	<folder></folder>
	<filename>apple--26-_jpg.rf.84284287ccdc8508940d372cc1c1f66d.jpg</filename>
	<path>apple--26-_jpg.rf.84284287ccdc8508940d372cc1c1f66d.jpg</path>
	<source>
		<database>roboflow.ai</database>
	</source>
	<size>
		<width>188</width>
		<height>267</height>
		<depth>3</depth>
	</size>
	<segmented>0</segmented>
	<object>
		<name>damaged_apple</name>
		<pose>Unspecified</pose>
		<truncated>0</truncated>
		<difficult>0</difficult>
		<occluded>0</occluded>
		<bndbox>
			<xmin>10</xmin>
			<xmax>180</xmax>
			<ymin>99</ymin>
			<ymax>214</ymax>
		</bndbox>
	</object>
	<object>
		<name>damaged_apple</name>
		<pose>Unspecified</pose>
		<truncated>0</truncated>
		<difficult>0</difficult>
		<occluded>0</occluded>
		<bndbox>
			<xmin>32</xmin>
			<xmax>170</xmax>
			<ymin>42</ymin>
			<ymax>135</ymax>
		</bndbox>
	</object>
</annotation>
