<annotation>
	<folder></folder>
	<filename>apple--316-_jpg.rf.7895df2cf9755ee6a7fd0eaa878a3ac9.jpg</filename>
	<path>apple--316-_jpg.rf.7895df2cf9755ee6a7fd0eaa878a3ac9.jpg</path>
	<source>
		<database>roboflow.ai</database>
	</source>
	<size>
		<width>263</width>
		<height>192</height>
		<depth>3</depth>
	</size>
	<segmented>0</segmented>
	<object>
		<name>damaged_apple</name>
		<pose>Unspecified</pose>
		<truncated>0</truncated>
		<difficult>0</difficult>
		<occluded>0</occluded>
		<bndbox>
			<xmin>192</xmin>
			<xmax>252</xmax>
			<ymin>1</ymin>
			<ymax>43</ymax>
		</bndbox>
	</object>
</annotation>
