<annotation>
	<folder></folder>
	<filename>apple--36-_jpg.rf.f444268f66c389b2bb5e761f9fb7c7d0.jpg</filename>
	<path>apple--36-_jpg.rf.f444268f66c389b2bb5e761f9fb7c7d0.jpg</path>
	<source>
		<database>roboflow.ai</database>
	</source>
	<size>
		<width>362</width>
		<height>139</height>
		<depth>3</depth>
	</size>
	<segmented>0</segmented>
	<object>
		<name>damaged_apple</name>
		<pose>Unspecified</pose>
		<truncated>0</truncated>
		<difficult>0</difficult>
		<occluded>0</occluded>
		<bndbox>
			<xmin>148</xmin>
			<xmax>191</xmax>
			<ymin>95</ymin>
			<ymax>139</ymax>
		</bndbox>
	</object>
	<object>
		<name>damaged_apple</name>
		<pose>Unspecified</pose>
		<truncated>0</truncated>
		<difficult>0</difficult>
		<occluded>0</occluded>
		<bndbox>
			<xmin>104</xmin>
			<xmax>139</xmax>
			<ymin>8</ymin>
			<ymax>38</ymax>
		</bndbox>
	</object>
</annotation>
