<annotation>
	<folder></folder>
	<filename>apple--28-_jpg.rf.f7e69784b5978b477dcb221fd76f45e3.jpg</filename>
	<path>apple--28-_jpg.rf.f7e69784b5978b477dcb221fd76f45e3.jpg</path>
	<source>
		<database>roboflow.ai</database>
	</source>
	<size>
		<width>259</width>
		<height>194</height>
		<depth>3</depth>
	</size>
	<segmented>0</segmented>
	<object>
		<name>damaged_apple</name>
		<pose>Unspecified</pose>
		<truncated>0</truncated>
		<difficult>0</difficult>
		<occluded>0</occluded>
		<bndbox>
			<xmin>59</xmin>
			<xmax>187</xmax>
			<ymin>37</ymin>
			<ymax>157</ymax>
		</bndbox>
	</object>
</annotation>
