<annotation>
	<folder></folder>
	<filename>apple--356-_jpg.rf.1ce5c7824966780f15d57c2d3e70432a.jpg</filename>
	<path>apple--356-_jpg.rf.1ce5c7824966780f15d57c2d3e70432a.jpg</path>
	<source>
		<database>roboflow.ai</database>
	</source>
	<size>
		<width>307</width>
		<height>164</height>
		<depth>3</depth>
	</size>
	<segmented>0</segmented>
	<object>
		<name>damaged_apple</name>
		<pose>Unspecified</pose>
		<truncated>0</truncated>
		<difficult>0</difficult>
		<occluded>0</occluded>
		<bndbox>
			<xmin>107</xmin>
			<xmax>179</xmax>
			<ymin>67</ymin>
			<ymax>116</ymax>
		</bndbox>
	</object>
</annotation>
