<annotation>
	<folder></folder>
	<filename>apple--313-_jpg.rf.4b7ffc44cc429cedf5e2bec18f2a3d84.jpg</filename>
	<path>apple--313-_jpg.rf.4b7ffc44cc429cedf5e2bec18f2a3d84.jpg</path>
	<source>
		<database>roboflow.ai</database>
	</source>
	<size>
		<width>183</width>
		<height>275</height>
		<depth>3</depth>
	</size>
	<segmented>0</segmented>
	<object>
		<name>damaged_apple</name>
		<pose>Unspecified</pose>
		<truncated>0</truncated>
		<difficult>0</difficult>
		<occluded>0</occluded>
		<bndbox>
			<xmin>2</xmin>
			<xmax>48</xmax>
			<ymin>206</ymin>
			<ymax>251</ymax>
		</bndbox>
	</object>
</annotation>
