<annotation>
	<folder></folder>
	<filename>apple--2-_jpg.rf.447a09a297d8778345a2b3fbf38f03f0.jpg</filename>
	<path>apple--2-_jpg.rf.447a09a297d8778345a2b3fbf38f03f0.jpg</path>
	<source>
		<database>roboflow.ai</database>
	</source>
	<size>
		<width>225</width>
		<height>225</height>
		<depth>3</depth>
	</size>
	<segmented>0</segmented>
	<object>
		<name>damaged_apple</name>
		<pose>Unspecified</pose>
		<truncated>0</truncated>
		<difficult>0</difficult>
		<occluded>0</occluded>
		<bndbox>
			<xmin>118</xmin>
			<xmax>225</xmax>
			<ymin>84</ymin>
			<ymax>193</ymax>
		</bndbox>
	</object>
</annotation>
