<annotation>
	<folder></folder>
	<filename>apple--349-_jpg.rf.5a1c33349fd5de07482ce01c361e6257.jpg</filename>
	<path>apple--349-_jpg.rf.5a1c33349fd5de07482ce01c361e6257.jpg</path>
	<source>
		<database>roboflow.ai</database>
	</source>
	<size>
		<width>225</width>
		<height>225</height>
		<depth>3</depth>
	</size>
	<segmented>0</segmented>
	<object>
		<name>damaged_apple</name>
		<pose>Unspecified</pose>
		<truncated>0</truncated>
		<difficult>0</difficult>
		<occluded>0</occluded>
		<bndbox>
			<xmin>8</xmin>
			<xmax>55</xmax>
			<ymin>72</ymin>
			<ymax>124</ymax>
		</bndbox>
	</object>
	<object>
		<name>damaged_apple</name>
		<pose>Unspecified</pose>
		<truncated>0</truncated>
		<difficult>0</difficult>
		<occluded>0</occluded>
		<bndbox>
			<xmin>154</xmin>
			<xmax>218</xmax>
			<ymin>104</ymin>
			<ymax>179</ymax>
		</bndbox>
	</object>
</annotation>
