<annotation>
	<folder></folder>
	<filename>apple--295-_jpg.rf.4d9d8d752e93c5772a95a4103e6eceb3.jpg</filename>
	<path>apple--295-_jpg.rf.4d9d8d752e93c5772a95a4103e6eceb3.jpg</path>
	<source>
		<database>roboflow.ai</database>
	</source>
	<size>
		<width>225</width>
		<height>225</height>
		<depth>3</depth>
	</size>
	<segmented>0</segmented>
	<object>
		<name>damaged_apple</name>
		<pose>Unspecified</pose>
		<truncated>0</truncated>
		<difficult>0</difficult>
		<occluded>0</occluded>
		<bndbox>
			<xmin>84</xmin>
			<xmax>175</xmax>
			<ymin>129</ymin>
			<ymax>211</ymax>
		</bndbox>
	</object>
</annotation>
