<annotation>
	<folder></folder>
	<filename>damaged_apple--294-_jpg.rf.606232022d5bff224f437a4508752c0a.jpg</filename>
	<path>damaged_apple--294-_jpg.rf.606232022d5bff224f437a4508752c0a.jpg</path>
	<source>
		<database>roboflow.ai</database>
	</source>
	<size>
		<width>276</width>
		<height>182</height>
		<depth>3</depth>
	</size>
	<segmented>0</segmented>
	<object>
		<name>damaged_apple</name>
		<pose>Unspecified</pose>
		<truncated>0</truncated>
		<difficult>0</difficult>
		<occluded>0</occluded>
		<bndbox>
			<xmin>35</xmin>
			<xmax>161</xmax>
			<ymin>69</ymin>
			<ymax>174</ymax>
		</bndbox>
	</object>
</annotation>
