<annotation>
	<folder></folder>
	<filename>damaged_apple--45-_jpg.rf.a4f1ab36f3f7fa96e00b79d22a6b46c0.jpg</filename>
	<path>damaged_apple--45-_jpg.rf.a4f1ab36f3f7fa96e00b79d22a6b46c0.jpg</path>
	<source>
		<database>roboflow.ai</database>
	</source>
	<size>
		<width>398</width>
		<height>126</height>
		<depth>3</depth>
	</size>
	<segmented>0</segmented>
	<object>
		<name>damaged_apple</name>
		<pose>Unspecified</pose>
		<truncated>0</truncated>
		<difficult>0</difficult>
		<occluded>0</occluded>
		<bndbox>
			<xmin>11</xmin>
			<xmax>116</xmax>
			<ymin>16</ymin>
			<ymax>109</ymax>
		</bndbox>
	</object>
	<object>
		<name>damaged_apple</name>
		<pose>Unspecified</pose>
		<truncated>0</truncated>
		<difficult>0</difficult>
		<occluded>0</occluded>
		<bndbox>
			<xmin>138</xmin>
			<xmax>250</xmax>
			<ymin>20</ymin>
			<ymax>121</ymax>
		</bndbox>
	</object>
	<object>
		<name>damaged_apple</name>
		<pose>Unspecified</pose>
		<truncated>0</truncated>
		<difficult>0</difficult>
		<occluded>0</occluded>
		<bndbox>
			<xmin>277</xmin>
			<xmax>389</xmax>
			<ymin>11</ymin>
			<ymax>116</ymax>
		</bndbox>
	</object>
</annotation>
