<annotation>
	<folder></folder>
	<filename>damaged_apple--163-_jpg.rf.d7cc7553ba501c560f26ab51049df213.jpg</filename>
	<path>damaged_apple--163-_jpg.rf.d7cc7553ba501c560f26ab51049df213.jpg</path>
	<source>
		<database>roboflow.ai</database>
	</source>
	<size>
		<width>214</width>
		<height>236</height>
		<depth>3</depth>
	</size>
	<segmented>0</segmented>
	<object>
		<name>damaged_apple</name>
		<pose>Unspecified</pose>
		<truncated>0</truncated>
		<difficult>0</difficult>
		<occluded>0</occluded>
		<bndbox>
			<xmin>44</xmin>
			<xmax>198</xmax>
			<ymin>55</ymin>
			<ymax>205</ymax>
		</bndbox>
	</object>
</annotation>
