<annotation>
	<folder></folder>
	<filename>damaged_apple--220-_jpg.rf.93d8b90170d5461855f59ee7eebc0e88.jpg</filename>
	<path>damaged_apple--220-_jpg.rf.93d8b90170d5461855f59ee7eebc0e88.jpg</path>
	<source>
		<database>roboflow.ai</database>
	</source>
	<size>
		<width>225</width>
		<height>225</height>
		<depth>3</depth>
	</size>
	<segmented>0</segmented>
	<object>
		<name>damaged_apple</name>
		<pose>Unspecified</pose>
		<truncated>0</truncated>
		<difficult>0</difficult>
		<occluded>0</occluded>
		<bndbox>
			<xmin>49</xmin>
			<xmax>176</xmax>
			<ymin>66</ymin>
			<ymax>171</ymax>
		</bndbox>
	</object>
</annotation>
