<annotation>
	<folder></folder>
	<filename>damaged_apple--308-_jpg.rf.95c18b4329613872937f11908923cdb5.jpg</filename>
	<path>damaged_apple--308-_jpg.rf.95c18b4329613872937f11908923cdb5.jpg</path>
	<source>
		<database>roboflow.ai</database>
	</source>
	<size>
		<width>259</width>
		<height>194</height>
		<depth>3</depth>
	</size>
	<segmented>0</segmented>
	<object>
		<name>damaged_apple</name>
		<pose>Unspecified</pose>
		<truncated>0</truncated>
		<difficult>0</difficult>
		<occluded>0</occluded>
		<bndbox>
			<xmin>203</xmin>
			<xmax>257</xmax>
			<ymin>2</ymin>
			<ymax>48</ymax>
		</bndbox>
	</object>
</annotation>
