<annotation>
	<folder></folder>
	<filename>damaged_apple--31-_jpg.rf.64f44d92a1a130c33c8d4a7649e28d66.jpg</filename>
	<path>damaged_apple--31-_jpg.rf.64f44d92a1a130c33c8d4a7649e28d66.jpg</path>
	<source>
		<database>roboflow.ai</database>
	</source>
	<size>
		<width>275</width>
		<height>183</height>
		<depth>3</depth>
	</size>
	<segmented>0</segmented>
	<object>
		<name>damaged_apple</name>
		<pose>Unspecified</pose>
		<truncated>0</truncated>
		<difficult>0</difficult>
		<occluded>0</occluded>
		<bndbox>
			<xmin>146</xmin>
			<xmax>233</xmax>
			<ymin>63</ymin>
			<ymax>142</ymax>
		</bndbox>
	</object>
</annotation>
