<annotation>
	<folder></folder>
	<filename>damaged_apple--265-_jpg.rf.bd33475501f167db22f5d648732ae3eb.jpg</filename>
	<path>damaged_apple--265-_jpg.rf.bd33475501f167db22f5d648732ae3eb.jpg</path>
	<source>
		<database>roboflow.ai</database>
	</source>
	<size>
		<width>259</width>
		<height>195</height>
		<depth>3</depth>
	</size>
	<segmented>0</segmented>
	<object>
		<name>damaged_apple</name>
		<pose>Unspecified</pose>
		<truncated>0</truncated>
		<difficult>0</difficult>
		<occluded>0</occluded>
		<bndbox>
			<xmin>107</xmin>
			<xmax>200</xmax>
			<ymin>39</ymin>
			<ymax>130</ymax>
		</bndbox>
	</object>
</annotation>
