<annotation>
	<folder></folder>
	<filename>damaged_apple--13-_jpg.rf.ec45410d0d7861bc2df6b3d49212a078.jpg</filename>
	<path>damaged_apple--13-_jpg.rf.ec45410d0d7861bc2df6b3d49212a078.jpg</path>
	<source>
		<database>roboflow.ai</database>
	</source>
	<size>
		<width>219</width>
		<height>231</height>
		<depth>3</depth>
	</size>
	<segmented>0</segmented>
	<object>
		<name>damaged_apple</name>
		<pose>Unspecified</pose>
		<truncated>0</truncated>
		<difficult>0</difficult>
		<occluded>0</occluded>
		<bndbox>
			<xmin>29</xmin>
			<xmax>156</xmax>
			<ymin>35</ymin>
			<ymax>179</ymax>
		</bndbox>
	</object>
</annotation>
