<annotation>
	<folder></folder>
	<filename>damaged_apple--267-_jpg.rf.1666216acae1857c8106131892723b62.jpg</filename>
	<path>damaged_apple--267-_jpg.rf.1666216acae1857c8106131892723b62.jpg</path>
	<source>
		<database>roboflow.ai</database>
	</source>
	<size>
		<width>260</width>
		<height>194</height>
		<depth>3</depth>
	</size>
	<segmented>0</segmented>
	<object>
		<name>damaged_apple</name>
		<pose>Unspecified</pose>
		<truncated>0</truncated>
		<difficult>0</difficult>
		<occluded>0</occluded>
		<bndbox>
			<xmin>34</xmin>
			<xmax>119</xmax>
			<ymin>91</ymin>
			<ymax>170</ymax>
		</bndbox>
	</object>
</annotation>
