<annotation>
	<folder></folder>
	<filename>damaged_apple--217-_jpg.rf.a10e542b1b20c38c8052217a4c964b7f.jpg</filename>
	<path>damaged_apple--217-_jpg.rf.a10e542b1b20c38c8052217a4c964b7f.jpg</path>
	<source>
		<database>roboflow.ai</database>
	</source>
	<size>
		<width>262</width>
		<height>192</height>
		<depth>3</depth>
	</size>
	<segmented>0</segmented>
	<object>
		<name>damaged_apple</name>
		<pose>Unspecified</pose>
		<truncated>0</truncated>
		<difficult>0</difficult>
		<occluded>0</occluded>
		<bndbox>
			<xmin>93</xmin>
			<xmax>162</xmax>
			<ymin>62</ymin>
			<ymax>127</ymax>
		</bndbox>
	</object>
</annotation>
