<annotation>
	<folder></folder>
	<filename>damaged_apple--17-_jpg.rf.4a1656bb11cefcf36297a84e682fe8b2.jpg</filename>
	<path>damaged_apple--17-_jpg.rf.4a1656bb11cefcf36297a84e682fe8b2.jpg</path>
	<source>
		<database>roboflow.ai</database>
	</source>
	<size>
		<width>266</width>
		<height>189</height>
		<depth>3</depth>
	</size>
	<segmented>0</segmented>
	<object>
		<name>damaged_apple</name>
		<pose>Unspecified</pose>
		<truncated>0</truncated>
		<difficult>0</difficult>
		<occluded>0</occluded>
		<bndbox>
			<xmin>67</xmin>
			<xmax>150</xmax>
			<ymin>55</ymin>
			<ymax>128</ymax>
		</bndbox>
	</object>
	<object>
		<name>damaged_apple</name>
		<pose>Unspecified</pose>
		<truncated>0</truncated>
		<difficult>0</difficult>
		<occluded>0</occluded>
		<bndbox>
			<xmin>128</xmin>
			<xmax>196</xmax>
			<ymin>49</ymin>
			<ymax>132</ymax>
		</bndbox>
	</object>
</annotation>
