<annotation>
	<folder></folder>
	<filename>damaged_apple--159-_jpg.rf.33a81692ba5df0062cfc85fce5b9a4a7.jpg</filename>
	<path>damaged_apple--159-_jpg.rf.33a81692ba5df0062cfc85fce5b9a4a7.jpg</path>
	<source>
		<database>roboflow.ai</database>
	</source>
	<size>
		<width>275</width>
		<height>183</height>
		<depth>3</depth>
	</size>
	<segmented>0</segmented>
	<object>
		<name>damaged_apple</name>
		<pose>Unspecified</pose>
		<truncated>0</truncated>
		<difficult>0</difficult>
		<occluded>0</occluded>
		<bndbox>
			<xmin>71</xmin>
			<xmax>199</xmax>
			<ymin>46</ymin>
			<ymax>155</ymax>
		</bndbox>
	</object>
</annotation>
