<annotation>
	<folder></folder>
	<filename>damaged_apple--144-_jpg.rf.fa0b1a85d8b00294d3e41b9db2ca0e5f.jpg</filename>
	<path>damaged_apple--144-_jpg.rf.fa0b1a85d8b00294d3e41b9db2ca0e5f.jpg</path>
	<source>
		<database>roboflow.ai</database>
	</source>
	<size>
		<width>259</width>
		<height>194</height>
		<depth>3</depth>
	</size>
	<segmented>0</segmented>
	<object>
		<name>damaged_apple</name>
		<pose>Unspecified</pose>
		<truncated>0</truncated>
		<difficult>0</difficult>
		<occluded>0</occluded>
		<bndbox>
			<xmin>47</xmin>
			<xmax>173</xmax>
			<ymin>24</ymin>
			<ymax>143</ymax>
		</bndbox>
	</object>
</annotation>
