<annotation>
	<folder></folder>
	<filename>damaged_apple--15-_jpg.rf.253fee168154552f870a0d9d21f97506.jpg</filename>
	<path>damaged_apple--15-_jpg.rf.253fee168154552f870a0d9d21f97506.jpg</path>
	<source>
		<database>roboflow.ai</database>
	</source>
	<size>
		<width>183</width>
		<height>275</height>
		<depth>3</depth>
	</size>
	<segmented>0</segmented>
	<object>
		<name>damaged_apple</name>
		<pose>Unspecified</pose>
		<truncated>0</truncated>
		<difficult>0</difficult>
		<occluded>0</occluded>
		<bndbox>
			<xmin>47</xmin>
			<xmax>165</xmax>
			<ymin>18</ymin>
			<ymax>143</ymax>
		</bndbox>
	</object>
	<object>
		<name>damaged_apple</name>
		<pose>Unspecified</pose>
		<truncated>0</truncated>
		<difficult>0</difficult>
		<occluded>0</occluded>
		<bndbox>
			<xmin>6</xmin>
			<xmax>107</xmax>
			<ymin>48</ymin>
			<ymax>168</ymax>
		</bndbox>
	</object>
</annotation>
