<annotation>
	<folder></folder>
	<filename>damaged_apple--193-_jpg.rf.34e051fe91525cc19f86b7d7356458cc.jpg</filename>
	<path>damaged_apple--193-_jpg.rf.34e051fe91525cc19f86b7d7356458cc.jpg</path>
	<source>
		<database>roboflow.ai</database>
	</source>
	<size>
		<width>275</width>
		<height>183</height>
		<depth>3</depth>
	</size>
	<segmented>0</segmented>
	<object>
		<name>damaged_apple</name>
		<pose>Unspecified</pose>
		<truncated>0</truncated>
		<difficult>0</difficult>
		<occluded>0</occluded>
		<bndbox>
			<xmin>33</xmin>
			<xmax>125</xmax>
			<ymin>37</ymin>
			<ymax>135</ymax>
		</bndbox>
	</object>
	<object>
		<name>damaged_apple</name>
		<pose>Unspecified</pose>
		<truncated>0</truncated>
		<difficult>0</difficult>
		<occluded>0</occluded>
		<bndbox>
			<xmin>102</xmin>
			<xmax>220</xmax>
			<ymin>64</ymin>
			<ymax>174</ymax>
		</bndbox>
	</object>
	<object>
		<name>damaged_apple</name>
		<pose>Unspecified</pose>
		<truncated>0</truncated>
		<difficult>0</difficult>
		<occluded>0</occluded>
		<bndbox>
			<xmin>120</xmin>
			<xmax>209</xmax>
			<ymin>14</ymin>
			<ymax>79</ymax>
		</bndbox>
	</object>
</annotation>
