<annotation>
	<folder></folder>
	<filename>damaged_apple--235-_jpg.rf.d04794d1d653609fa977a22928f0ce23.jpg</filename>
	<path>damaged_apple--235-_jpg.rf.d04794d1d653609fa977a22928f0ce23.jpg</path>
	<source>
		<database>roboflow.ai</database>
	</source>
	<size>
		<width>252</width>
		<height>200</height>
		<depth>3</depth>
	</size>
	<segmented>0</segmented>
	<object>
		<name>damaged_apple</name>
		<pose>Unspecified</pose>
		<truncated>0</truncated>
		<difficult>0</difficult>
		<occluded>0</occluded>
		<bndbox>
			<xmin>61</xmin>
			<xmax>200</xmax>
			<ymin>34</ymin>
			<ymax>171</ymax>
		</bndbox>
	</object>
</annotation>
