<annotation>
	<folder></folder>
	<filename>damaged_apple--199-_jpg.rf.ce88e534f48018911fed64fd3e038cc4.jpg</filename>
	<path>damaged_apple--199-_jpg.rf.ce88e534f48018911fed64fd3e038cc4.jpg</path>
	<source>
		<database>roboflow.ai</database>
	</source>
	<size>
		<width>296</width>
		<height>170</height>
		<depth>3</depth>
	</size>
	<segmented>0</segmented>
	<object>
		<name>damaged_apple</name>
		<pose>Unspecified</pose>
		<truncated>0</truncated>
		<difficult>0</difficult>
		<occluded>0</occluded>
		<bndbox>
			<xmin>61</xmin>
			<xmax>137</xmax>
			<ymin>34</ymin>
			<ymax>122</ymax>
		</bndbox>
	</object>
	<object>
		<name>damaged_apple</name>
		<pose>Unspecified</pose>
		<truncated>0</truncated>
		<difficult>0</difficult>
		<occluded>0</occluded>
		<bndbox>
			<xmin>140</xmin>
			<xmax>242</xmax>
			<ymin>5</ymin>
			<ymax>99</ymax>
		</bndbox>
	</object>
	<object>
		<name>damaged_apple</name>
		<pose>Unspecified</pose>
		<truncated>0</truncated>
		<difficult>0</difficult>
		<occluded>0</occluded>
		<bndbox>
			<xmin>107</xmin>
			<xmax>216</xmax>
			<ymin>101</ymin>
			<ymax>170</ymax>
		</bndbox>
	</object>
</annotation>
