<annotation>
	<folder></folder>
	<filename>damaged_apple--197-_jpg.rf.2f2c931387f6650fa57496448b5d0926.jpg</filename>
	<path>damaged_apple--197-_jpg.rf.2f2c931387f6650fa57496448b5d0926.jpg</path>
	<source>
		<database>roboflow.ai</database>
	</source>
	<size>
		<width>270</width>
		<height>187</height>
		<depth>3</depth>
	</size>
	<segmented>0</segmented>
	<object>
		<name>damaged_apple</name>
		<pose>Unspecified</pose>
		<truncated>0</truncated>
		<difficult>0</difficult>
		<occluded>0</occluded>
		<bndbox>
			<xmin>52</xmin>
			<xmax>154</xmax>
			<ymin>25</ymin>
			<ymax>121</ymax>
		</bndbox>
	</object>
</annotation>
