<annotation>
	<folder></folder>
	<filename>damaged_apple--126-_jpg.rf.9774e9a47fb575c03e9d7a48403d520c.jpg</filename>
	<path>damaged_apple--126-_jpg.rf.9774e9a47fb575c03e9d7a48403d520c.jpg</path>
	<source>
		<database>roboflow.ai</database>
	</source>
	<size>
		<width>251</width>
		<height>201</height>
		<depth>3</depth>
	</size>
	<segmented>0</segmented>
	<object>
		<name>damaged_apple</name>
		<pose>Unspecified</pose>
		<truncated>0</truncated>
		<difficult>0</difficult>
		<occluded>0</occluded>
		<bndbox>
			<xmin>37</xmin>
			<xmax>223</xmax>
			<ymin>10</ymin>
			<ymax>191</ymax>
		</bndbox>
	</object>
</annotation>
