<annotation>
	<folder></folder>
	<filename>damaged_apple--221-_jpg.rf.3a1a456a81626650c795906c6dd27cd5.jpg</filename>
	<path>damaged_apple--221-_jpg.rf.3a1a456a81626650c795906c6dd27cd5.jpg</path>
	<source>
		<database>roboflow.ai</database>
	</source>
	<size>
		<width>276</width>
		<height>183</height>
		<depth>3</depth>
	</size>
	<segmented>0</segmented>
	<object>
		<name>damaged_apple</name>
		<pose>Unspecified</pose>
		<truncated>0</truncated>
		<difficult>0</difficult>
		<occluded>0</occluded>
		<bndbox>
			<xmin>60</xmin>
			<xmax>246</xmax>
			<ymin>24</ymin>
			<ymax>169</ymax>
		</bndbox>
	</object>
</annotation>
