<annotation>
	<folder></folder>
	<filename>damaged_apple--20-_jpg.rf.fe59345766fb5411fc2f0aedd256d36d.jpg</filename>
	<path>damaged_apple--20-_jpg.rf.fe59345766fb5411fc2f0aedd256d36d.jpg</path>
	<source>
		<database>roboflow.ai</database>
	</source>
	<size>
		<width>236</width>
		<height>214</height>
		<depth>3</depth>
	</size>
	<segmented>0</segmented>
	<object>
		<name>damaged_apple</name>
		<pose>Unspecified</pose>
		<truncated>0</truncated>
		<difficult>0</difficult>
		<occluded>0</occluded>
		<bndbox>
			<xmin>35</xmin>
			<xmax>189</xmax>
			<ymin>34</ymin>
			<ymax>176</ymax>
		</bndbox>
	</object>
</annotation>
