<annotation>
	<folder></folder>
	<filename>damaged_apple--254-_jpg.rf.b72c5f51bd83a6d3962ff1f8f9574e47.jpg</filename>
	<path>damaged_apple--254-_jpg.rf.b72c5f51bd83a6d3962ff1f8f9574e47.jpg</path>
	<source>
		<database>roboflow.ai</database>
	</source>
	<size>
		<width>263</width>
		<height>191</height>
		<depth>3</depth>
	</size>
	<segmented>0</segmented>
	<object>
		<name>damaged_apple</name>
		<pose>Unspecified</pose>
		<truncated>0</truncated>
		<difficult>0</difficult>
		<occluded>0</occluded>
		<bndbox>
			<xmin>141</xmin>
			<xmax>238</xmax>
			<ymin>53</ymin>
			<ymax>141</ymax>
		</bndbox>
	</object>
</annotation>
