<annotation>
	<folder></folder>
	<filename>damaged_apple--142-_jpg.rf.6b89a6ec54ebeb9e4452a5e4663ad925.jpg</filename>
	<path>damaged_apple--142-_jpg.rf.6b89a6ec54ebeb9e4452a5e4663ad925.jpg</path>
	<source>
		<database>roboflow.ai</database>
	</source>
	<size>
		<width>224</width>
		<height>224</height>
		<depth>3</depth>
	</size>
	<segmented>0</segmented>
	<object>
		<name>damaged_apple</name>
		<pose>Unspecified</pose>
		<truncated>0</truncated>
		<difficult>0</difficult>
		<occluded>0</occluded>
		<bndbox>
			<xmin>65</xmin>
			<xmax>161</xmax>
			<ymin>69</ymin>
			<ymax>134</ymax>
		</bndbox>
	</object>
	<object>
		<name>damaged_apple</name>
		<pose>Unspecified</pose>
		<truncated>0</truncated>
		<difficult>0</difficult>
		<occluded>0</occluded>
		<bndbox>
			<xmin>152</xmin>
			<xmax>208</xmax>
			<ymin>77</ymin>
			<ymax>126</ymax>
		</bndbox>
	</object>
</annotation>
