<annotation>
	<folder></folder>
	<filename>damaged_apple--299-_jpg.rf.a96d2f84755ded51e8efbd24e18cb011.jpg</filename>
	<path>damaged_apple--299-_jpg.rf.a96d2f84755ded51e8efbd24e18cb011.jpg</path>
	<source>
		<database>roboflow.ai</database>
	</source>
	<size>
		<width>297</width>
		<height>170</height>
		<depth>3</depth>
	</size>
	<segmented>0</segmented>
	<object>
		<name>damaged_apple</name>
		<pose>Unspecified</pose>
		<truncated>0</truncated>
		<difficult>0</difficult>
		<occluded>0</occluded>
		<bndbox>
			<xmin>75</xmin>
			<xmax>147</xmax>
			<ymin>82</ymin>
			<ymax>146</ymax>
		</bndbox>
	</object>
	<object>
		<name>damaged_apple</name>
		<pose>Unspecified</pose>
		<truncated>0</truncated>
		<difficult>0</difficult>
		<occluded>0</occluded>
		<bndbox>
			<xmin>121</xmin>
			<xmax>181</xmax>
			<ymin>36</ymin>
			<ymax>94</ymax>
		</bndbox>
	</object>
</annotation>
