<annotation>
	<folder></folder>
	<filename>damaged_apple--104-_jpg.rf.65756991224b96b4dadfa2d032c5dbe3.jpg</filename>
	<path>damaged_apple--104-_jpg.rf.65756991224b96b4dadfa2d032c5dbe3.jpg</path>
	<source>
		<database>roboflow.ai</database>
	</source>
	<size>
		<width>275</width>
		<height>183</height>
		<depth>3</depth>
	</size>
	<segmented>0</segmented>
	<object>
		<name>damaged_apple</name>
		<pose>Unspecified</pose>
		<truncated>0</truncated>
		<difficult>0</difficult>
		<occluded>0</occluded>
		<bndbox>
			<xmin>67</xmin>
			<xmax>143</xmax>
			<ymin>95</ymin>
			<ymax>163</ymax>
		</bndbox>
	</object>
	<object>
		<name>damaged_apple</name>
		<pose>Unspecified</pose>
		<truncated>0</truncated>
		<difficult>0</difficult>
		<occluded>0</occluded>
		<bndbox>
			<xmin>232</xmin>
			<xmax>275</xmax>
			<ymin>84</ymin>
			<ymax>131</ymax>
		</bndbox>
	</object>
	<object>
		<name>damaged_apple</name>
		<pose>Unspecified</pose>
		<truncated>0</truncated>
		<difficult>0</difficult>
		<occluded>0</occluded>
		<bndbox>
			<xmin>190</xmin>
			<xmax>226</xmax>
			<ymin>20</ymin>
			<ymax>49</ymax>
		</bndbox>
	</object>
</annotation>
