<annotation>
	<folder></folder>
	<filename>damaged_apple--22-_jpg.rf.f5cc5137859757f20f96eb37b9b8192c.jpg</filename>
	<path>damaged_apple--22-_jpg.rf.f5cc5137859757f20f96eb37b9b8192c.jpg</path>
	<source>
		<database>roboflow.ai</database>
	</source>
	<size>
		<width>260</width>
		<height>194</height>
		<depth>3</depth>
	</size>
	<segmented>0</segmented>
	<object>
		<name>damaged_apple</name>
		<pose>Unspecified</pose>
		<truncated>0</truncated>
		<difficult>0</difficult>
		<occluded>0</occluded>
		<bndbox>
			<xmin>49</xmin>
			<xmax>211</xmax>
			<ymin>10</ymin>
			<ymax>159</ymax>
		</bndbox>
	</object>
</annotation>
