<annotation>
	<folder></folder>
	<filename>damaged_apple--135-_jpg.rf.447076aac77dfd661f7538d95de93b5a.jpg</filename>
	<path>damaged_apple--135-_jpg.rf.447076aac77dfd661f7538d95de93b5a.jpg</path>
	<source>
		<database>roboflow.ai</database>
	</source>
	<size>
		<width>286</width>
		<height>176</height>
		<depth>3</depth>
	</size>
	<segmented>0</segmented>
	<object>
		<name>damaged_apple</name>
		<pose>Unspecified</pose>
		<truncated>0</truncated>
		<difficult>0</difficult>
		<occluded>0</occluded>
		<bndbox>
			<xmin>142</xmin>
			<xmax>255</xmax>
			<ymin>39</ymin>
			<ymax>142</ymax>
		</bndbox>
	</object>
</annotation>
