<annotation>
	<folder></folder>
	<filename>damaged_apple--314-_jpg.rf.b397a853317b98a1c1c7ba3d5372a809.jpg</filename>
	<path>damaged_apple--314-_jpg.rf.b397a853317b98a1c1c7ba3d5372a809.jpg</path>
	<source>
		<database>roboflow.ai</database>
	</source>
	<size>
		<width>280</width>
		<height>180</height>
		<depth>3</depth>
	</size>
	<segmented>0</segmented>
	<object>
		<name>damaged_apple</name>
		<pose>Unspecified</pose>
		<truncated>0</truncated>
		<difficult>0</difficult>
		<occluded>0</occluded>
		<bndbox>
			<xmin>183</xmin>
			<xmax>274</xmax>
			<ymin>79</ymin>
			<ymax>169</ymax>
		</bndbox>
	</object>
</annotation>
