<annotation>
	<folder></folder>
	<filename>damaged_apple--218-_jpg.rf.c1ec40d887c12e66512b712940c8ccbf.jpg</filename>
	<path>damaged_apple--218-_jpg.rf.c1ec40d887c12e66512b712940c8ccbf.jpg</path>
	<source>
		<database>roboflow.ai</database>
	</source>
	<size>
		<width>259</width>
		<height>194</height>
		<depth>3</depth>
	</size>
	<segmented>0</segmented>
	<object>
		<name>damaged_apple</name>
		<pose>Unspecified</pose>
		<truncated>0</truncated>
		<difficult>0</difficult>
		<occluded>0</occluded>
		<bndbox>
			<xmin>76</xmin>
			<xmax>211</xmax>
			<ymin>36</ymin>
			<ymax>175</ymax>
		</bndbox>
	</object>
</annotation>
