<annotation>
	<folder></folder>
	<filename>damaged_apple--48-_jpg.rf.25d4bef8bd64e199e2c751d759ac470b.jpg</filename>
	<path>damaged_apple--48-_jpg.rf.25d4bef8bd64e199e2c751d759ac470b.jpg</path>
	<source>
		<database>roboflow.ai</database>
	</source>
	<size>
		<width>229</width>
		<height>220</height>
		<depth>3</depth>
	</size>
	<segmented>0</segmented>
	<object>
		<name>damaged_apple</name>
		<pose>Unspecified</pose>
		<truncated>0</truncated>
		<difficult>0</difficult>
		<occluded>0</occluded>
		<bndbox>
			<xmin>61</xmin>
			<xmax>205</xmax>
			<ymin>62</ymin>
			<ymax>190</ymax>
		</bndbox>
	</object>
</annotation>
