<annotation>
	<folder></folder>
	<filename>damaged_apple--137-_jpg.rf.0499ae857e649e49fbbfad359572dec9.jpg</filename>
	<path>damaged_apple--137-_jpg.rf.0499ae857e649e49fbbfad359572dec9.jpg</path>
	<source>
		<database>roboflow.ai</database>
	</source>
	<size>
		<width>275</width>
		<height>183</height>
		<depth>3</depth>
	</size>
	<segmented>0</segmented>
	<object>
		<name>damaged_apple</name>
		<pose>Unspecified</pose>
		<truncated>0</truncated>
		<difficult>0</difficult>
		<occluded>0</occluded>
		<bndbox>
			<xmin>88</xmin>
			<xmax>185</xmax>
			<ymin>21</ymin>
			<ymax>95</ymax>
		</bndbox>
	</object>
</annotation>
