<annotation>
	<folder></folder>
	<filename>damaged_apple--11-_jpg.rf.ea2127063634800130c2fd8bd024d4a8.jpg</filename>
	<path>damaged_apple--11-_jpg.rf.ea2127063634800130c2fd8bd024d4a8.jpg</path>
	<source>
		<database>roboflow.ai</database>
	</source>
	<size>
		<width>259</width>
		<height>194</height>
		<depth>3</depth>
	</size>
	<segmented>0</segmented>
	<object>
		<name>damaged_apple</name>
		<pose>Unspecified</pose>
		<truncated>0</truncated>
		<difficult>0</difficult>
		<occluded>0</occluded>
		<bndbox>
			<xmin>49</xmin>
			<xmax>191</xmax>
			<ymin>33</ymin>
			<ymax>174</ymax>
		</bndbox>
	</object>
</annotation>
