<annotation>
	<folder></folder>
	<filename>damaged_apple--143-_jpg.rf.6df15d693a3b2904fbadc1bf2aa4dfa6.jpg</filename>
	<path>damaged_apple--143-_jpg.rf.6df15d693a3b2904fbadc1bf2aa4dfa6.jpg</path>
	<source>
		<database>roboflow.ai</database>
	</source>
	<size>
		<width>248</width>
		<height>203</height>
		<depth>3</depth>
	</size>
	<segmented>0</segmented>
	<object>
		<name>damaged_apple</name>
		<pose>Unspecified</pose>
		<truncated>0</truncated>
		<difficult>0</difficult>
		<occluded>0</occluded>
		<bndbox>
			<xmin>160</xmin>
			<xmax>229</xmax>
			<ymin>112</ymin>
			<ymax>169</ymax>
		</bndbox>
	</object>
</annotation>
