<annotation>
	<folder></folder>
	<filename>damaged_apple--305-_jpg.rf.098a3898f4d03447b94ce266139371c9.jpg</filename>
	<path>damaged_apple--305-_jpg.rf.098a3898f4d03447b94ce266139371c9.jpg</path>
	<source>
		<database>roboflow.ai</database>
	</source>
	<size>
		<width>280</width>
		<height>180</height>
		<depth>3</depth>
	</size>
	<segmented>0</segmented>
	<object>
		<name>damaged_apple</name>
		<pose>Unspecified</pose>
		<truncated>0</truncated>
		<difficult>0</difficult>
		<occluded>0</occluded>
		<bndbox>
			<xmin>18</xmin>
			<xmax>144</xmax>
			<ymin>32</ymin>
			<ymax>146</ymax>
		</bndbox>
	</object>
	<object>
		<name>damaged_apple</name>
		<pose>Unspecified</pose>
		<truncated>0</truncated>
		<difficult>0</difficult>
		<occluded>0</occluded>
		<bndbox>
			<xmin>151</xmin>
			<xmax>266</xmax>
			<ymin>39</ymin>
			<ymax>147</ymax>
		</bndbox>
	</object>
</annotation>
