<annotation>
	<folder></folder>
	<filename>damaged_apple--52-_jpg.rf.4967fb636def85c01ad7c45c4e001c96.jpg</filename>
	<path>damaged_apple--52-_jpg.rf.4967fb636def85c01ad7c45c4e001c96.jpg</path>
	<source>
		<database>roboflow.ai</database>
	</source>
	<size>
		<width>317</width>
		<height>159</height>
		<depth>3</depth>
	</size>
	<segmented>0</segmented>
	<object>
		<name>damaged_apple</name>
		<pose>Unspecified</pose>
		<truncated>0</truncated>
		<difficult>0</difficult>
		<occluded>0</occluded>
		<bndbox>
			<xmin>12</xmin>
			<xmax>133</xmax>
			<ymin>12</ymin>
			<ymax>129</ymax>
		</bndbox>
	</object>
	<object>
		<name>damaged_apple</name>
		<pose>Unspecified</pose>
		<truncated>0</truncated>
		<difficult>0</difficult>
		<occluded>0</occluded>
		<bndbox>
			<xmin>145</xmin>
			<xmax>287</xmax>
			<ymin>10</ymin>
			<ymax>138</ymax>
		</bndbox>
	</object>
</annotation>
