<annotation>
	<folder></folder>
	<filename>damaged_apple--61-_jpg.rf.30abdd12f1f213a220f798c648e14ff3.jpg</filename>
	<path>damaged_apple--61-_jpg.rf.30abdd12f1f213a220f798c648e14ff3.jpg</path>
	<source>
		<database>roboflow.ai</database>
	</source>
	<size>
		<width>250</width>
		<height>202</height>
		<depth>3</depth>
	</size>
	<segmented>0</segmented>
	<object>
		<name>damaged_apple</name>
		<pose>Unspecified</pose>
		<truncated>0</truncated>
		<difficult>0</difficult>
		<occluded>0</occluded>
		<bndbox>
			<xmin>81</xmin>
			<xmax>136</xmax>
			<ymin>73</ymin>
			<ymax>124</ymax>
		</bndbox>
	</object>
</annotation>
