<annotation>
	<folder></folder>
	<filename>damaged_apple--203-_jpg.rf.3c92ac1e1c2d890eb63fdf1ecc775a60.jpg</filename>
	<path>damaged_apple--203-_jpg.rf.3c92ac1e1c2d890eb63fdf1ecc775a60.jpg</path>
	<source>
		<database>roboflow.ai</database>
	</source>
	<size>
		<width>275</width>
		<height>183</height>
		<depth>3</depth>
	</size>
	<segmented>0</segmented>
	<object>
		<name>damaged_apple</name>
		<pose>Unspecified</pose>
		<truncated>0</truncated>
		<difficult>0</difficult>
		<occluded>0</occluded>
		<bndbox>
			<xmin>9</xmin>
			<xmax>249</xmax>
			<ymin>7</ymin>
			<ymax>180</ymax>
		</bndbox>
	</object>
</annotation>
