<annotation>
	<folder></folder>
	<filename>damaged_apple--219-_jpg.rf.023313941298285f8a2f7061c73051b8.jpg</filename>
	<path>damaged_apple--219-_jpg.rf.023313941298285f8a2f7061c73051b8.jpg</path>
	<source>
		<database>roboflow.ai</database>
	</source>
	<size>
		<width>270</width>
		<height>186</height>
		<depth>3</depth>
	</size>
	<segmented>0</segmented>
	<object>
		<name>damaged_apple</name>
		<pose>Unspecified</pose>
		<truncated>0</truncated>
		<difficult>0</difficult>
		<occluded>0</occluded>
		<bndbox>
			<xmin>21</xmin>
			<xmax>98</xmax>
			<ymin>25</ymin>
			<ymax>88</ymax>
		</bndbox>
	</object>
	<object>
		<name>damaged_apple</name>
		<pose>Unspecified</pose>
		<truncated>0</truncated>
		<difficult>0</difficult>
		<occluded>0</occluded>
		<bndbox>
			<xmin>123</xmin>
			<xmax>186</xmax>
			<ymin>25</ymin>
			<ymax>85</ymax>
		</bndbox>
	</object>
	<object>
		<name>damaged_apple</name>
		<pose>Unspecified</pose>
		<truncated>0</truncated>
		<difficult>0</difficult>
		<occluded>0</occluded>
		<bndbox>
			<xmin>187</xmin>
			<xmax>257</xmax>
			<ymin>25</ymin>
			<ymax>85</ymax>
		</bndbox>
	</object>
	<object>
		<name>damaged_apple</name>
		<pose>Unspecified</pose>
		<truncated>0</truncated>
		<difficult>0</difficult>
		<occluded>0</occluded>
		<bndbox>
			<xmin>165</xmin>
			<xmax>243</xmax>
			<ymin>81</ymin>
			<ymax>163</ymax>
		</bndbox>
	</object>
</annotation>
