<annotation>
	<folder></folder>
	<filename>damaged_apple--332-_jpg.rf.7f6471bb0a891f1a24a6e0eac9e1e9ee.jpg</filename>
	<path>damaged_apple--332-_jpg.rf.7f6471bb0a891f1a24a6e0eac9e1e9ee.jpg</path>
	<source>
		<database>roboflow.ai</database>
	</source>
	<size>
		<width>268</width>
		<height>188</height>
		<depth>3</depth>
	</size>
	<segmented>0</segmented>
	<object>
		<name>damaged_apple</name>
		<pose>Unspecified</pose>
		<truncated>0</truncated>
		<difficult>0</difficult>
		<occluded>0</occluded>
		<bndbox>
			<xmin>46</xmin>
			<xmax>233</xmax>
			<ymin>24</ymin>
			<ymax>181</ymax>
		</bndbox>
	</object>
</annotation>
