<annotation>
	<folder></folder>
	<filename>damaged_apple--28-_jpg.rf.6d63a66cd3077797d1b24dbcedc26b97.jpg</filename>
	<path>damaged_apple--28-_jpg.rf.6d63a66cd3077797d1b24dbcedc26b97.jpg</path>
	<source>
		<database>roboflow.ai</database>
	</source>
	<size>
		<width>259</width>
		<height>194</height>
		<depth>3</depth>
	</size>
	<segmented>0</segmented>
	<object>
		<name>damaged_apple</name>
		<pose>Unspecified</pose>
		<truncated>0</truncated>
		<difficult>0</difficult>
		<occluded>0</occluded>
		<bndbox>
			<xmin>103</xmin>
			<xmax>210</xmax>
			<ymin>58</ymin>
			<ymax>171</ymax>
		</bndbox>
	</object>
</annotation>
