<annotation>
	<folder></folder>
	<filename>damaged_apple--310-_jpg.rf.e8f776b6ba3504308df68477d3267a3f.jpg</filename>
	<path>damaged_apple--310-_jpg.rf.e8f776b6ba3504308df68477d3267a3f.jpg</path>
	<source>
		<database>roboflow.ai</database>
	</source>
	<size>
		<width>300</width>
		<height>168</height>
		<depth>3</depth>
	</size>
	<segmented>0</segmented>
	<object>
		<name>damaged_apple</name>
		<pose>Unspecified</pose>
		<truncated>0</truncated>
		<difficult>0</difficult>
		<occluded>0</occluded>
		<bndbox>
			<xmin>89</xmin>
			<xmax>196</xmax>
			<ymin>5</ymin>
			<ymax>104</ymax>
		</bndbox>
	</object>
	<object>
		<name>damaged_apple</name>
		<pose>Unspecified</pose>
		<truncated>0</truncated>
		<difficult>0</difficult>
		<occluded>0</occluded>
		<bndbox>
			<xmin>14</xmin>
			<xmax>129</xmax>
			<ymin>88</ymin>
			<ymax>154</ymax>
		</bndbox>
	</object>
	<object>
		<name>damaged_apple</name>
		<pose>Unspecified</pose>
		<truncated>0</truncated>
		<difficult>0</difficult>
		<occluded>0</occluded>
		<bndbox>
			<xmin>146</xmin>
			<xmax>238</xmax>
			<ymin>80</ymin>
			<ymax>136</ymax>
		</bndbox>
	</object>
</annotation>
