<annotation>
	<folder></folder>
	<filename>damaged_apple--229-_jpg.rf.5f95e82cfa9d05bdcf5376ed80e7a123.jpg</filename>
	<path>damaged_apple--229-_jpg.rf.5f95e82cfa9d05bdcf5376ed80e7a123.jpg</path>
	<source>
		<database>roboflow.ai</database>
	</source>
	<size>
		<width>275</width>
		<height>183</height>
		<depth>3</depth>
	</size>
	<segmented>0</segmented>
	<object>
		<name>damaged_apple</name>
		<pose>Unspecified</pose>
		<truncated>0</truncated>
		<difficult>0</difficult>
		<occluded>0</occluded>
		<bndbox>
			<xmin>56</xmin>
			<xmax>119</xmax>
			<ymin>59</ymin>
			<ymax>123</ymax>
		</bndbox>
	</object>
	<object>
		<name>damaged_apple</name>
		<pose>Unspecified</pose>
		<truncated>0</truncated>
		<difficult>0</difficult>
		<occluded>0</occluded>
		<bndbox>
			<xmin>100</xmin>
			<xmax>166</xmax>
			<ymin>102</ymin>
			<ymax>171</ymax>
		</bndbox>
	</object>
</annotation>
