<annotation>
	<folder></folder>
	<filename>damaged_apple--115-_jpg.rf.aaedae1817b306da02937a82a934bc40.jpg</filename>
	<path>damaged_apple--115-_jpg.rf.aaedae1817b306da02937a82a934bc40.jpg</path>
	<source>
		<database>roboflow.ai</database>
	</source>
	<size>
		<width>217</width>
		<height>232</height>
		<depth>3</depth>
	</size>
	<segmented>0</segmented>
	<object>
		<name>damaged_apple</name>
		<pose>Unspecified</pose>
		<truncated>0</truncated>
		<difficult>0</difficult>
		<occluded>0</occluded>
		<bndbox>
			<xmin>44</xmin>
			<xmax>176</xmax>
			<ymin>50</ymin>
			<ymax>203</ymax>
		</bndbox>
	</object>
</annotation>
