<annotation>
	<folder></folder>
	<filename>damaged_apple--138-_jpg.rf.4f8786f6a2f39b635adff6cb37345b69.jpg</filename>
	<path>damaged_apple--138-_jpg.rf.4f8786f6a2f39b635adff6cb37345b69.jpg</path>
	<source>
		<database>roboflow.ai</database>
	</source>
	<size>
		<width>183</width>
		<height>275</height>
		<depth>3</depth>
	</size>
	<segmented>0</segmented>
	<object>
		<name>damaged_apple</name>
		<pose>Unspecified</pose>
		<truncated>0</truncated>
		<difficult>0</difficult>
		<occluded>0</occluded>
		<bndbox>
			<xmin>2</xmin>
			<xmax>152</xmax>
			<ymin>66</ymin>
			<ymax>260</ymax>
		</bndbox>
	</object>
</annotation>
