<annotation>
	<folder></folder>
	<filename>damaged_apple--170-_jpg.rf.9e0b41ffd5174f02c55bfaa76485f5af.jpg</filename>
	<path>damaged_apple--170-_jpg.rf.9e0b41ffd5174f02c55bfaa76485f5af.jpg</path>
	<source>
		<database>roboflow.ai</database>
	</source>
	<size>
		<width>263</width>
		<height>191</height>
		<depth>3</depth>
	</size>
	<segmented>0</segmented>
	<object>
		<name>damaged_apple</name>
		<pose>Unspecified</pose>
		<truncated>0</truncated>
		<difficult>0</difficult>
		<occluded>0</occluded>
		<bndbox>
			<xmin>31</xmin>
			<xmax>128</xmax>
			<ymin>36</ymin>
			<ymax>144</ymax>
		</bndbox>
	</object>
	<object>
		<name>damaged_apple</name>
		<pose>Unspecified</pose>
		<truncated>0</truncated>
		<difficult>0</difficult>
		<occluded>0</occluded>
		<bndbox>
			<xmin>101</xmin>
			<xmax>233</xmax>
			<ymin>42</ymin>
			<ymax>163</ymax>
		</bndbox>
	</object>
</annotation>
