<annotation>
	<folder></folder>
	<filename>damaged_apple--296-_jpg.rf.8fc80a6565b4e10303314fb2da7de632.jpg</filename>
	<path>damaged_apple--296-_jpg.rf.8fc80a6565b4e10303314fb2da7de632.jpg</path>
	<source>
		<database>roboflow.ai</database>
	</source>
	<size>
		<width>183</width>
		<height>276</height>
		<depth>3</depth>
	</size>
	<segmented>0</segmented>
	<object>
		<name>damaged_apple</name>
		<pose>Unspecified</pose>
		<truncated>0</truncated>
		<difficult>0</difficult>
		<occluded>0</occluded>
		<bndbox>
			<xmin>69</xmin>
			<xmax>154</xmax>
			<ymin>67</ymin>
			<ymax>145</ymax>
		</bndbox>
	</object>
	<object>
		<name>damaged_apple</name>
		<pose>Unspecified</pose>
		<truncated>0</truncated>
		<difficult>0</difficult>
		<occluded>0</occluded>
		<bndbox>
			<xmin>3</xmin>
			<xmax>75</xmax>
			<ymin>48</ymin>
			<ymax>110</ymax>
		</bndbox>
	</object>
</annotation>
