<annotation>
	<folder></folder>
	<filename>damaged_apple--236-_jpg.rf.ab11c1a4c670cb4381c6b3e476e33157.jpg</filename>
	<path>damaged_apple--236-_jpg.rf.ab11c1a4c670cb4381c6b3e476e33157.jpg</path>
	<source>
		<database>roboflow.ai</database>
	</source>
	<size>
		<width>297</width>
		<height>170</height>
		<depth>3</depth>
	</size>
	<segmented>0</segmented>
	<object>
		<name>damaged_apple</name>
		<pose>Unspecified</pose>
		<truncated>0</truncated>
		<difficult>0</difficult>
		<occluded>0</occluded>
		<bndbox>
			<xmin>154</xmin>
			<xmax>267</xmax>
			<ymin>57</ymin>
			<ymax>161</ymax>
		</bndbox>
	</object>
</annotation>
