<annotation>
	<folder></folder>
	<filename>damaged_apple--212-_jpg.rf.357dab113650cf2699b968cf2250c5f0.jpg</filename>
	<path>damaged_apple--212-_jpg.rf.357dab113650cf2699b968cf2250c5f0.jpg</path>
	<source>
		<database>roboflow.ai</database>
	</source>
	<size>
		<width>275</width>
		<height>183</height>
		<depth>3</depth>
	</size>
	<segmented>0</segmented>
	<object>
		<name>damaged_apple</name>
		<pose>Unspecified</pose>
		<truncated>0</truncated>
		<difficult>0</difficult>
		<occluded>0</occluded>
		<bndbox>
			<xmin>132</xmin>
			<xmax>230</xmax>
			<ymin>32</ymin>
			<ymax>126</ymax>
		</bndbox>
	</object>
</annotation>
