<annotation>
	<folder></folder>
	<filename>damaged_apple--23-_jpg.rf.835ce5f9c299f17d8c28e3e4a2643244.jpg</filename>
	<path>damaged_apple--23-_jpg.rf.835ce5f9c299f17d8c28e3e4a2643244.jpg</path>
	<source>
		<database>roboflow.ai</database>
	</source>
	<size>
		<width>183</width>
		<height>276</height>
		<depth>3</depth>
	</size>
	<segmented>0</segmented>
	<object>
		<name>damaged_apple</name>
		<pose>Unspecified</pose>
		<truncated>0</truncated>
		<difficult>0</difficult>
		<occluded>0</occluded>
		<bndbox>
			<xmin>21</xmin>
			<xmax>157</xmax>
			<ymin>78</ymin>
			<ymax>198</ymax>
		</bndbox>
	</object>
</annotation>
