<annotation>
	<folder></folder>
	<filename>damaged_apple--316-_jpg.rf.8a84b3d92cbffbdd0ffb136456d7e482.jpg</filename>
	<path>damaged_apple--316-_jpg.rf.8a84b3d92cbffbdd0ffb136456d7e482.jpg</path>
	<source>
		<database>roboflow.ai</database>
	</source>
	<size>
		<width>275</width>
		<height>184</height>
		<depth>3</depth>
	</size>
	<segmented>0</segmented>
	<object>
		<name>damaged_apple</name>
		<pose>Unspecified</pose>
		<truncated>0</truncated>
		<difficult>0</difficult>
		<occluded>0</occluded>
		<bndbox>
			<xmin>19</xmin>
			<xmax>261</xmax>
			<ymin>8</ymin>
			<ymax>173</ymax>
		</bndbox>
	</object>
</annotation>
