<annotation>
	<folder></folder>
	<filename>damaged_apple--19-_jpg.rf.168d1ef256c97e91c089db5b336d2725.jpg</filename>
	<path>damaged_apple--19-_jpg.rf.168d1ef256c97e91c089db5b336d2725.jpg</path>
	<source>
		<database>roboflow.ai</database>
	</source>
	<size>
		<width>262</width>
		<height>192</height>
		<depth>3</depth>
	</size>
	<segmented>0</segmented>
	<object>
		<name>damaged_apple</name>
		<pose>Unspecified</pose>
		<truncated>0</truncated>
		<difficult>0</difficult>
		<occluded>0</occluded>
		<bndbox>
			<xmin>131</xmin>
			<xmax>232</xmax>
			<ymin>70</ymin>
			<ymax>158</ymax>
		</bndbox>
	</object>
</annotation>
