<annotation>
	<folder></folder>
	<filename>damaged_apple--2-_jpg.rf.72983515a8846d102cdd51e7581b676a.jpg</filename>
	<path>damaged_apple--2-_jpg.rf.72983515a8846d102cdd51e7581b676a.jpg</path>
	<source>
		<database>roboflow.ai</database>
	</source>
	<size>
		<width>194</width>
		<height>259</height>
		<depth>3</depth>
	</size>
	<segmented>0</segmented>
	<object>
		<name>damaged_apple</name>
		<pose>Unspecified</pose>
		<truncated>0</truncated>
		<difficult>0</difficult>
		<occluded>0</occluded>
		<bndbox>
			<xmin>34</xmin>
			<xmax>178</xmax>
			<ymin>50</ymin>
			<ymax>203</ymax>
		</bndbox>
	</object>
</annotation>
