<annotation>
	<folder></folder>
	<filename>damaged_apple--132-_jpg.rf.2240e28e06122429e94d1840c533e875.jpg</filename>
	<path>damaged_apple--132-_jpg.rf.2240e28e06122429e94d1840c533e875.jpg</path>
	<source>
		<database>roboflow.ai</database>
	</source>
	<size>
		<width>265</width>
		<height>190</height>
		<depth>3</depth>
	</size>
	<segmented>0</segmented>
	<object>
		<name>damaged_apple</name>
		<pose>Unspecified</pose>
		<truncated>0</truncated>
		<difficult>0</difficult>
		<occluded>0</occluded>
		<bndbox>
			<xmin>40</xmin>
			<xmax>214</xmax>
			<ymin>12</ymin>
			<ymax>178</ymax>
		</bndbox>
	</object>
</annotation>
