<annotation>
	<folder></folder>
	<filename>damaged_apple--260-_jpg.rf.33ed79e6d3f49c95152e754a65d529c7.jpg</filename>
	<path>damaged_apple--260-_jpg.rf.33ed79e6d3f49c95152e754a65d529c7.jpg</path>
	<source>
		<database>roboflow.ai</database>
	</source>
	<size>
		<width>222</width>
		<height>227</height>
		<depth>3</depth>
	</size>
	<segmented>0</segmented>
	<object>
		<name>damaged_apple</name>
		<pose>Unspecified</pose>
		<truncated>0</truncated>
		<difficult>0</difficult>
		<occluded>0</occluded>
		<bndbox>
			<xmin>39</xmin>
			<xmax>185</xmax>
			<ymin>49</ymin>
			<ymax>196</ymax>
		</bndbox>
	</object>
</annotation>
