<annotation>
	<folder></folder>
	<filename>damaged_apple--67-_jpg.rf.bec2e25df53609db5f0991f018f63f60.jpg</filename>
	<path>damaged_apple--67-_jpg.rf.bec2e25df53609db5f0991f018f63f60.jpg</path>
	<source>
		<database>roboflow.ai</database>
	</source>
	<size>
		<width>259</width>
		<height>194</height>
		<depth>3</depth>
	</size>
	<segmented>0</segmented>
	<object>
		<name>damaged_apple</name>
		<pose>Unspecified</pose>
		<truncated>0</truncated>
		<difficult>0</difficult>
		<occluded>0</occluded>
		<bndbox>
			<xmin>2</xmin>
			<xmax>239</xmax>
			<ymin>7</ymin>
			<ymax>185</ymax>
		</bndbox>
	</object>
</annotation>
