<annotation>
	<folder></folder>
	<filename>damaged_apple--133-_jpg.rf.40bfd299d12ddc4211f1ca8c412676e8.jpg</filename>
	<path>damaged_apple--133-_jpg.rf.40bfd299d12ddc4211f1ca8c412676e8.jpg</path>
	<source>
		<database>roboflow.ai</database>
	</source>
	<size>
		<width>275</width>
		<height>183</height>
		<depth>3</depth>
	</size>
	<segmented>0</segmented>
	<object>
		<name>damaged_apple</name>
		<pose>Unspecified</pose>
		<truncated>0</truncated>
		<difficult>0</difficult>
		<occluded>0</occluded>
		<bndbox>
			<xmin>2</xmin>
			<xmax>169</xmax>
			<ymin>40</ymin>
			<ymax>175</ymax>
		</bndbox>
	</object>
	<object>
		<name>damaged_apple</name>
		<pose>Unspecified</pose>
		<truncated>0</truncated>
		<difficult>0</difficult>
		<occluded>0</occluded>
		<bndbox>
			<xmin>146</xmin>
			<xmax>275</xmax>
			<ymin>4</ymin>
			<ymax>148</ymax>
		</bndbox>
	</object>
</annotation>
