<annotation>
	<folder></folder>
	<filename>damaged_apple--70-_jpg.rf.b26e3b96279c501068b6e7135aa29144.jpg</filename>
	<path>damaged_apple--70-_jpg.rf.b26e3b96279c501068b6e7135aa29144.jpg</path>
	<source>
		<database>roboflow.ai</database>
	</source>
	<size>
		<width>203</width>
		<height>248</height>
		<depth>3</depth>
	</size>
	<segmented>0</segmented>
	<object>
		<name>damaged_apple</name>
		<pose>Unspecified</pose>
		<truncated>0</truncated>
		<difficult>0</difficult>
		<occluded>0</occluded>
		<bndbox>
			<xmin>24</xmin>
			<xmax>188</xmax>
			<ymin>49</ymin>
			<ymax>233</ymax>
		</bndbox>
	</object>
</annotation>
