<annotation>
	<folder></folder>
	<filename>damaged_apple--249-_jpg.rf.b23e58c1a784f89f823c6684a4e7c34b.jpg</filename>
	<path>damaged_apple--249-_jpg.rf.b23e58c1a784f89f823c6684a4e7c34b.jpg</path>
	<source>
		<database>roboflow.ai</database>
	</source>
	<size>
		<width>275</width>
		<height>183</height>
		<depth>3</depth>
	</size>
	<segmented>0</segmented>
	<object>
		<name>damaged_apple</name>
		<pose>Unspecified</pose>
		<truncated>0</truncated>
		<difficult>0</difficult>
		<occluded>0</occluded>
		<bndbox>
			<xmin>57</xmin>
			<xmax>191</xmax>
			<ymin>38</ymin>
			<ymax>168</ymax>
		</bndbox>
	</object>
</annotation>
