<annotation>
	<folder></folder>
	<filename>damaged_apple--318-_jpg.rf.96bbb69d2c653a8162dab61c73dd77db.jpg</filename>
	<path>damaged_apple--318-_jpg.rf.96bbb69d2c653a8162dab61c73dd77db.jpg</path>
	<source>
		<database>roboflow.ai</database>
	</source>
	<size>
		<width>300</width>
		<height>168</height>
		<depth>3</depth>
	</size>
	<segmented>0</segmented>
	<object>
		<name>damaged_apple</name>
		<pose>Unspecified</pose>
		<truncated>0</truncated>
		<difficult>0</difficult>
		<occluded>0</occluded>
		<bndbox>
			<xmin>73</xmin>
			<xmax>234</xmax>
			<ymin>30</ymin>
			<ymax>166</ymax>
		</bndbox>
	</object>
</annotation>
