<annotation>
	<folder></folder>
	<filename>damaged_apple--240-_jpg.rf.5aea23293af4a11eb438335ab44e7d5b.jpg</filename>
	<path>damaged_apple--240-_jpg.rf.5aea23293af4a11eb438335ab44e7d5b.jpg</path>
	<source>
		<database>roboflow.ai</database>
	</source>
	<size>
		<width>259</width>
		<height>194</height>
		<depth>3</depth>
	</size>
	<segmented>0</segmented>
	<object>
		<name>damaged_apple</name>
		<pose>Unspecified</pose>
		<truncated>0</truncated>
		<difficult>0</difficult>
		<occluded>0</occluded>
		<bndbox>
			<xmin>50</xmin>
			<xmax>191</xmax>
			<ymin>23</ymin>
			<ymax>160</ymax>
		</bndbox>
	</object>
</annotation>
