<annotation>
	<folder></folder>
	<filename>damaged_apple--117-_jpg.rf.166ba6d79d080c4f2ebb1e2c466eb670.jpg</filename>
	<path>damaged_apple--117-_jpg.rf.166ba6d79d080c4f2ebb1e2c466eb670.jpg</path>
	<source>
		<database>roboflow.ai</database>
	</source>
	<size>
		<width>259</width>
		<height>194</height>
		<depth>3</depth>
	</size>
	<segmented>0</segmented>
	<object>
		<name>damaged_apple</name>
		<pose>Unspecified</pose>
		<truncated>0</truncated>
		<difficult>0</difficult>
		<occluded>0</occluded>
		<bndbox>
			<xmin>37</xmin>
			<xmax>99</xmax>
			<ymin>88</ymin>
			<ymax>146</ymax>
		</bndbox>
	</object>
	<object>
		<name>damaged_apple</name>
		<pose>Unspecified</pose>
		<truncated>0</truncated>
		<difficult>0</difficult>
		<occluded>0</occluded>
		<bndbox>
			<xmin>104</xmin>
			<xmax>256</xmax>
			<ymin>38</ymin>
			<ymax>182</ymax>
		</bndbox>
	</object>
</annotation>
