<annotation>
	<folder></folder>
	<filename>damaged_apple--319-_jpg.rf.d2062c14ae5cee68eb0e58a8663920ae.jpg</filename>
	<path>damaged_apple--319-_jpg.rf.d2062c14ae5cee68eb0e58a8663920ae.jpg</path>
	<source>
		<database>roboflow.ai</database>
	</source>
	<size>
		<width>221</width>
		<height>228</height>
		<depth>3</depth>
	</size>
	<segmented>0</segmented>
	<object>
		<name>damaged_apple</name>
		<pose>Unspecified</pose>
		<truncated>0</truncated>
		<difficult>0</difficult>
		<occluded>0</occluded>
		<bndbox>
			<xmin>12</xmin>
			<xmax>190</xmax>
			<ymin>25</ymin>
			<ymax>198</ymax>
		</bndbox>
	</object>
</annotation>
