<annotation>
	<folder></folder>
	<filename>damaged_apple--226-_jpg.rf.b11371a4c1accd940b52002155dd2d7f.jpg</filename>
	<path>damaged_apple--226-_jpg.rf.b11371a4c1accd940b52002155dd2d7f.jpg</path>
	<source>
		<database>roboflow.ai</database>
	</source>
	<size>
		<width>217</width>
		<height>232</height>
		<depth>3</depth>
	</size>
	<segmented>0</segmented>
	<object>
		<name>damaged_apple</name>
		<pose>Unspecified</pose>
		<truncated>0</truncated>
		<difficult>0</difficult>
		<occluded>0</occluded>
		<bndbox>
			<xmin>120</xmin>
			<xmax>209</xmax>
			<ymin>122</ymin>
			<ymax>201</ymax>
		</bndbox>
	</object>
</annotation>
