<annotation>
	<folder></folder>
	<filename>damaged_apple--239-_jpg.rf.5c0cdb610163e44d366cc8d0da21db8d.jpg</filename>
	<path>damaged_apple--239-_jpg.rf.5c0cdb610163e44d366cc8d0da21db8d.jpg</path>
	<source>
		<database>roboflow.ai</database>
	</source>
	<size>
		<width>300</width>
		<height>168</height>
		<depth>3</depth>
	</size>
	<segmented>0</segmented>
	<object>
		<name>damaged_apple</name>
		<pose>Unspecified</pose>
		<truncated>0</truncated>
		<difficult>0</difficult>
		<occluded>0</occluded>
		<bndbox>
			<xmin>45</xmin>
			<xmax>124</xmax>
			<ymin>38</ymin>
			<ymax>112</ymax>
		</bndbox>
	</object>
</annotation>
