<annotation>
	<folder></folder>
	<filename>damaged_apple--64-_jpg.rf.5eecea3ad45bd044b17e996c55faf7c5.jpg</filename>
	<path>damaged_apple--64-_jpg.rf.5eecea3ad45bd044b17e996c55faf7c5.jpg</path>
	<source>
		<database>roboflow.ai</database>
	</source>
	<size>
		<width>225</width>
		<height>225</height>
		<depth>3</depth>
	</size>
	<segmented>0</segmented>
	<object>
		<name>damaged_apple</name>
		<pose>Unspecified</pose>
		<truncated>0</truncated>
		<difficult>0</difficult>
		<occluded>0</occluded>
		<bndbox>
			<xmin>5</xmin>
			<xmax>83</xmax>
			<ymin>50</ymin>
			<ymax>121</ymax>
		</bndbox>
	</object>
	<object>
		<name>damaged_apple</name>
		<pose>Unspecified</pose>
		<truncated>0</truncated>
		<difficult>0</difficult>
		<occluded>0</occluded>
		<bndbox>
			<xmin>83</xmin>
			<xmax>150</xmax>
			<ymin>30</ymin>
			<ymax>99</ymax>
		</bndbox>
	</object>
	<object>
		<name>damaged_apple</name>
		<pose>Unspecified</pose>
		<truncated>0</truncated>
		<difficult>0</difficult>
		<occluded>0</occluded>
		<bndbox>
			<xmin>48</xmin>
			<xmax>142</xmax>
			<ymin>115</ymin>
			<ymax>206</ymax>
		</bndbox>
	</object>
	<object>
		<name>damaged_apple</name>
		<pose>Unspecified</pose>
		<truncated>0</truncated>
		<difficult>0</difficult>
		<occluded>0</occluded>
		<bndbox>
			<xmin>123</xmin>
			<xmax>225</xmax>
			<ymin>69</ymin>
			<ymax>160</ymax>
		</bndbox>
	</object>
</annotation>
