<annotation>
	<folder></folder>
	<filename>damaged_apple--178-_jpg.rf.fc34d82c42f26701a9a5fd2452f6f40f.jpg</filename>
	<path>damaged_apple--178-_jpg.rf.fc34d82c42f26701a9a5fd2452f6f40f.jpg</path>
	<source>
		<database>roboflow.ai</database>
	</source>
	<size>
		<width>259</width>
		<height>194</height>
		<depth>3</depth>
	</size>
	<segmented>0</segmented>
	<object>
		<name>damaged_apple</name>
		<pose>Unspecified</pose>
		<truncated>0</truncated>
		<difficult>0</difficult>
		<occluded>0</occluded>
		<bndbox>
			<xmin>154</xmin>
			<xmax>226</xmax>
			<ymin>80</ymin>
			<ymax>149</ymax>
		</bndbox>
	</object>
</annotation>
