<annotation>
	<folder></folder>
	<filename>damaged_apple--166-_jpg.rf.bcda670910376f3de1b1165bcd3e600a.jpg</filename>
	<path>damaged_apple--166-_jpg.rf.bcda670910376f3de1b1165bcd3e600a.jpg</path>
	<source>
		<database>roboflow.ai</database>
	</source>
	<size>
		<width>284</width>
		<height>178</height>
		<depth>3</depth>
	</size>
	<segmented>0</segmented>
	<object>
		<name>damaged_apple</name>
		<pose>Unspecified</pose>
		<truncated>0</truncated>
		<difficult>0</difficult>
		<occluded>0</occluded>
		<bndbox>
			<xmin>143</xmin>
			<xmax>272</xmax>
			<ymin>37</ymin>
			<ymax>173</ymax>
		</bndbox>
	</object>
</annotation>
