<annotation>
	<folder></folder>
	<filename>damaged_apple--175-_jpg.rf.0aa2297734f68c79403cb8647f2f73e8.jpg</filename>
	<path>damaged_apple--175-_jpg.rf.0aa2297734f68c79403cb8647f2f73e8.jpg</path>
	<source>
		<database>roboflow.ai</database>
	</source>
	<size>
		<width>275</width>
		<height>183</height>
		<depth>3</depth>
	</size>
	<segmented>0</segmented>
	<object>
		<name>damaged_apple</name>
		<pose>Unspecified</pose>
		<truncated>0</truncated>
		<difficult>0</difficult>
		<occluded>0</occluded>
		<bndbox>
			<xmin>80</xmin>
			<xmax>197</xmax>
			<ymin>39</ymin>
			<ymax>158</ymax>
		</bndbox>
	</object>
</annotation>
