<annotation>
	<folder></folder>
	<filename>damaged_apple--118-_jpg.rf.cb049847da2961202c2e1e92543d1ded.jpg</filename>
	<path>damaged_apple--118-_jpg.rf.cb049847da2961202c2e1e92543d1ded.jpg</path>
	<source>
		<database>roboflow.ai</database>
	</source>
	<size>
		<width>263</width>
		<height>191</height>
		<depth>3</depth>
	</size>
	<segmented>0</segmented>
	<object>
		<name>damaged_apple</name>
		<pose>Unspecified</pose>
		<truncated>0</truncated>
		<difficult>0</difficult>
		<occluded>0</occluded>
		<bndbox>
			<xmin>133</xmin>
			<xmax>228</xmax>
			<ymin>35</ymin>
			<ymax>137</ymax>
		</bndbox>
	</object>
</annotation>
