<annotation>
	<folder></folder>
	<filename>damaged_apple--263-_jpg.rf.18da2f9daacd3da67c60f2d1ec32f48c.jpg</filename>
	<path>damaged_apple--263-_jpg.rf.18da2f9daacd3da67c60f2d1ec32f48c.jpg</path>
	<source>
		<database>roboflow.ai</database>
	</source>
	<size>
		<width>233</width>
		<height>216</height>
		<depth>3</depth>
	</size>
	<segmented>0</segmented>
	<object>
		<name>damaged_apple</name>
		<pose>Unspecified</pose>
		<truncated>0</truncated>
		<difficult>0</difficult>
		<occluded>0</occluded>
		<bndbox>
			<xmin>38</xmin>
			<xmax>191</xmax>
			<ymin>36</ymin>
			<ymax>180</ymax>
		</bndbox>
	</object>
</annotation>
