<annotation>
	<folder></folder>
	<filename>damaged_apple--60-_jpg.rf.a9d43d4dc90348da526d997fac075212.jpg</filename>
	<path>damaged_apple--60-_jpg.rf.a9d43d4dc90348da526d997fac075212.jpg</path>
	<source>
		<database>roboflow.ai</database>
	</source>
	<size>
		<width>263</width>
		<height>192</height>
		<depth>3</depth>
	</size>
	<segmented>0</segmented>
	<object>
		<name>damaged_apple</name>
		<pose>Unspecified</pose>
		<truncated>0</truncated>
		<difficult>0</difficult>
		<occluded>0</occluded>
		<bndbox>
			<xmin>133</xmin>
			<xmax>225</xmax>
			<ymin>57</ymin>
			<ymax>139</ymax>
		</bndbox>
	</object>
</annotation>
