<annotation>
	<folder></folder>
	<filename>damaged_apple--279-_jpg.rf.aa772b0f49b83c0ba3a512460b8cd974.jpg</filename>
	<path>damaged_apple--279-_jpg.rf.aa772b0f49b83c0ba3a512460b8cd974.jpg</path>
	<source>
		<database>roboflow.ai</database>
	</source>
	<size>
		<width>263</width>
		<height>191</height>
		<depth>3</depth>
	</size>
	<segmented>0</segmented>
	<object>
		<name>damaged_apple</name>
		<pose>Unspecified</pose>
		<truncated>0</truncated>
		<difficult>0</difficult>
		<occluded>0</occluded>
		<bndbox>
			<xmin>48</xmin>
			<xmax>215</xmax>
			<ymin>8</ymin>
			<ymax>163</ymax>
		</bndbox>
	</object>
</annotation>
