<annotation>
	<folder></folder>
	<filename>damaged_apple--331-_jpg.rf.1f8a794b4a3cd137d4528ec299d9f9cc.jpg</filename>
	<path>damaged_apple--331-_jpg.rf.1f8a794b4a3cd137d4528ec299d9f9cc.jpg</path>
	<source>
		<database>roboflow.ai</database>
	</source>
	<size>
		<width>260</width>
		<height>194</height>
		<depth>3</depth>
	</size>
	<segmented>0</segmented>
	<object>
		<name>damaged_apple</name>
		<pose>Unspecified</pose>
		<truncated>0</truncated>
		<difficult>0</difficult>
		<occluded>0</occluded>
		<bndbox>
			<xmin>74</xmin>
			<xmax>187</xmax>
			<ymin>37</ymin>
			<ymax>151</ymax>
		</bndbox>
	</object>
</annotation>
