<annotation>
	<folder></folder>
	<filename>damaged_apple--211-_jpg.rf.6b1b008a8e14c0afe2907269dde8a06b.jpg</filename>
	<path>damaged_apple--211-_jpg.rf.6b1b008a8e14c0afe2907269dde8a06b.jpg</path>
	<source>
		<database>roboflow.ai</database>
	</source>
	<size>
		<width>259</width>
		<height>194</height>
		<depth>3</depth>
	</size>
	<segmented>0</segmented>
	<object>
		<name>damaged_apple</name>
		<pose>Unspecified</pose>
		<truncated>0</truncated>
		<difficult>0</difficult>
		<occluded>0</occluded>
		<bndbox>
			<xmin>194</xmin>
			<xmax>255</xmax>
			<ymin>84</ymin>
			<ymax>161</ymax>
		</bndbox>
	</object>
	<object>
		<name>damaged_apple</name>
		<pose>Unspecified</pose>
		<truncated>0</truncated>
		<difficult>0</difficult>
		<occluded>0</occluded>
		<bndbox>
			<xmin>110</xmin>
			<xmax>193</xmax>
			<ymin>15</ymin>
			<ymax>85</ymax>
		</bndbox>
	</object>
</annotation>
