<annotation>
	<folder></folder>
	<filename>damaged_apple--225-_jpg.rf.9245839e23b196968a8d689b81f248a9.jpg</filename>
	<path>damaged_apple--225-_jpg.rf.9245839e23b196968a8d689b81f248a9.jpg</path>
	<source>
		<database>roboflow.ai</database>
	</source>
	<size>
		<width>274</width>
		<height>184</height>
		<depth>3</depth>
	</size>
	<segmented>0</segmented>
	<object>
		<name>damaged_apple</name>
		<pose>Unspecified</pose>
		<truncated>0</truncated>
		<difficult>0</difficult>
		<occluded>0</occluded>
		<bndbox>
			<xmin>12</xmin>
			<xmax>119</xmax>
			<ymin>99</ymin>
			<ymax>172</ymax>
		</bndbox>
	</object>
	<object>
		<name>damaged_apple</name>
		<pose>Unspecified</pose>
		<truncated>0</truncated>
		<difficult>0</difficult>
		<occluded>0</occluded>
		<bndbox>
			<xmin>136</xmin>
			<xmax>240</xmax>
			<ymin>103</ymin>
			<ymax>184</ymax>
		</bndbox>
	</object>
	<object>
		<name>damaged_apple</name>
		<pose>Unspecified</pose>
		<truncated>0</truncated>
		<difficult>0</difficult>
		<occluded>0</occluded>
		<bndbox>
			<xmin>89</xmin>
			<xmax>191</xmax>
			<ymin>18</ymin>
			<ymax>112</ymax>
		</bndbox>
	</object>
</annotation>
