<annotation>
	<folder></folder>
	<filename>damaged_apple--106-_jpg.rf.558730e2e275f1b06e08fb8cfafe129f.jpg</filename>
	<path>damaged_apple--106-_jpg.rf.558730e2e275f1b06e08fb8cfafe129f.jpg</path>
	<source>
		<database>roboflow.ai</database>
	</source>
	<size>
		<width>275</width>
		<height>183</height>
		<depth>3</depth>
	</size>
	<segmented>0</segmented>
	<object>
		<name>damaged_apple</name>
		<pose>Unspecified</pose>
		<truncated>0</truncated>
		<difficult>0</difficult>
		<occluded>0</occluded>
		<bndbox>
			<xmin>36</xmin>
			<xmax>154</xmax>
			<ymin>31</ymin>
			<ymax>138</ymax>
		</bndbox>
	</object>
	<object>
		<name>damaged_apple</name>
		<pose>Unspecified</pose>
		<truncated>0</truncated>
		<difficult>0</difficult>
		<occluded>0</occluded>
		<bndbox>
			<xmin>151</xmin>
			<xmax>241</xmax>
			<ymin>67</ymin>
			<ymax>139</ymax>
		</bndbox>
	</object>
</annotation>
