<annotation>
	<folder></folder>
	<filename>damaged_apple--317-_jpg.rf.5639c7b9d82ea585a6d0836b64fd1f0d.jpg</filename>
	<path>damaged_apple--317-_jpg.rf.5639c7b9d82ea585a6d0836b64fd1f0d.jpg</path>
	<source>
		<database>roboflow.ai</database>
	</source>
	<size>
		<width>275</width>
		<height>183</height>
		<depth>3</depth>
	</size>
	<segmented>0</segmented>
	<object>
		<name>damaged_apple</name>
		<pose>Unspecified</pose>
		<truncated>0</truncated>
		<difficult>0</difficult>
		<occluded>0</occluded>
		<bndbox>
			<xmin>8</xmin>
			<xmax>248</xmax>
			<ymin>9</ymin>
			<ymax>174</ymax>
		</bndbox>
	</object>
</annotation>
