<annotation>
	<folder></folder>
	<filename>damaged_apple--127-_jpg.rf.ca5d4716a56d0fbeafe7c77ee62e7ddd.jpg</filename>
	<path>damaged_apple--127-_jpg.rf.ca5d4716a56d0fbeafe7c77ee62e7ddd.jpg</path>
	<source>
		<database>roboflow.ai</database>
	</source>
	<size>
		<width>242</width>
		<height>208</height>
		<depth>3</depth>
	</size>
	<segmented>0</segmented>
	<object>
		<name>damaged_apple</name>
		<pose>Unspecified</pose>
		<truncated>0</truncated>
		<difficult>0</difficult>
		<occluded>0</occluded>
		<bndbox>
			<xmin>38</xmin>
			<xmax>194</xmax>
			<ymin>53</ymin>
			<ymax>192</ymax>
		</bndbox>
	</object>
</annotation>
