<annotation>
	<folder></folder>
	<filename>damaged_apple--185-_jpg.rf.766dee41e93d5609f03534dcdac0b463.jpg</filename>
	<path>damaged_apple--185-_jpg.rf.766dee41e93d5609f03534dcdac0b463.jpg</path>
	<source>
		<database>roboflow.ai</database>
	</source>
	<size>
		<width>193</width>
		<height>261</height>
		<depth>3</depth>
	</size>
	<segmented>0</segmented>
	<object>
		<name>damaged_apple</name>
		<pose>Unspecified</pose>
		<truncated>0</truncated>
		<difficult>0</difficult>
		<occluded>0</occluded>
		<bndbox>
			<xmin>19</xmin>
			<xmax>185</xmax>
			<ymin>49</ymin>
			<ymax>207</ymax>
		</bndbox>
	</object>
</annotation>
