<annotation>
	<folder></folder>
	<filename>damaged_apple--340-_jpg.rf.46a1d81efba300915fb4bd700c6d8b06.jpg</filename>
	<path>damaged_apple--340-_jpg.rf.46a1d81efba300915fb4bd700c6d8b06.jpg</path>
	<source>
		<database>roboflow.ai</database>
	</source>
	<size>
		<width>262</width>
		<height>192</height>
		<depth>3</depth>
	</size>
	<segmented>0</segmented>
	<object>
		<name>damaged_apple</name>
		<pose>Unspecified</pose>
		<truncated>0</truncated>
		<difficult>0</difficult>
		<occluded>0</occluded>
		<bndbox>
			<xmin>34</xmin>
			<xmax>162</xmax>
			<ymin>39</ymin>
			<ymax>144</ymax>
		</bndbox>
	</object>
</annotation>
