<annotation>
	<folder></folder>
	<filename>damaged_apple--291-_jpg.rf.62c5ad48d59391c090c6b7027caefa35.jpg</filename>
	<path>damaged_apple--291-_jpg.rf.62c5ad48d59391c090c6b7027caefa35.jpg</path>
	<source>
		<database>roboflow.ai</database>
	</source>
	<size>
		<width>252</width>
		<height>200</height>
		<depth>3</depth>
	</size>
	<segmented>0</segmented>
	<object>
		<name>damaged_apple</name>
		<pose>Unspecified</pose>
		<truncated>0</truncated>
		<difficult>0</difficult>
		<occluded>0</occluded>
		<bndbox>
			<xmin>84</xmin>
			<xmax>164</xmax>
			<ymin>62</ymin>
			<ymax>134</ymax>
		</bndbox>
	</object>
</annotation>
