<annotation>
	<folder></folder>
	<filename>damaged_apple--123-_jpg.rf.7502d7298323801d2cd1836ab95369f4.jpg</filename>
	<path>damaged_apple--123-_jpg.rf.7502d7298323801d2cd1836ab95369f4.jpg</path>
	<source>
		<database>roboflow.ai</database>
	</source>
	<size>
		<width>275</width>
		<height>183</height>
		<depth>3</depth>
	</size>
	<segmented>0</segmented>
	<object>
		<name>damaged_apple</name>
		<pose>Unspecified</pose>
		<truncated>0</truncated>
		<difficult>0</difficult>
		<occluded>0</occluded>
		<bndbox>
			<xmin>63</xmin>
			<xmax>215</xmax>
			<ymin>27</ymin>
			<ymax>167</ymax>
		</bndbox>
	</object>
</annotation>
