<annotation>
	<folder></folder>
	<filename>damaged_apple--223-_jpg.rf.9d1f45058b3e25366c5f54adbb0ec283.jpg</filename>
	<path>damaged_apple--223-_jpg.rf.9d1f45058b3e25366c5f54adbb0ec283.jpg</path>
	<source>
		<database>roboflow.ai</database>
	</source>
	<size>
		<width>275</width>
		<height>183</height>
		<depth>3</depth>
	</size>
	<segmented>0</segmented>
	<object>
		<name>damaged_apple</name>
		<pose>Unspecified</pose>
		<truncated>0</truncated>
		<difficult>0</difficult>
		<occluded>0</occluded>
		<bndbox>
			<xmin>137</xmin>
			<xmax>205</xmax>
			<ymin>72</ymin>
			<ymax>133</ymax>
		</bndbox>
	</object>
</annotation>
