<annotation>
	<folder></folder>
	<filename>damaged_apple--21-_jpg.rf.80f8d8da9f30e47a93706bc95720d13f.jpg</filename>
	<path>damaged_apple--21-_jpg.rf.80f8d8da9f30e47a93706bc95720d13f.jpg</path>
	<source>
		<database>roboflow.ai</database>
	</source>
	<size>
		<width>294</width>
		<height>171</height>
		<depth>3</depth>
	</size>
	<segmented>0</segmented>
	<object>
		<name>damaged_apple</name>
		<pose>Unspecified</pose>
		<truncated>0</truncated>
		<difficult>0</difficult>
		<occluded>0</occluded>
		<bndbox>
			<xmin>24</xmin>
			<xmax>290</xmax>
			<ymin>7</ymin>
			<ymax>166</ymax>
		</bndbox>
	</object>
</annotation>
