<annotation>
	<folder></folder>
	<filename>damaged_apple--164-_jpg.rf.713f01b59e58e61465b30e20cbaa1dbf.jpg</filename>
	<path>damaged_apple--164-_jpg.rf.713f01b59e58e61465b30e20cbaa1dbf.jpg</path>
	<source>
		<database>roboflow.ai</database>
	</source>
	<size>
		<width>257</width>
		<height>196</height>
		<depth>3</depth>
	</size>
	<segmented>0</segmented>
	<object>
		<name>damaged_apple</name>
		<pose>Unspecified</pose>
		<truncated>0</truncated>
		<difficult>0</difficult>
		<occluded>0</occluded>
		<bndbox>
			<xmin>9</xmin>
			<xmax>134</xmax>
			<ymin>42</ymin>
			<ymax>155</ymax>
		</bndbox>
	</object>
</annotation>
