<annotation>
	<folder></folder>
	<filename>damaged_apple--37-_jpg.rf.41554b48449fb91526b249f952e5e4fe.jpg</filename>
	<path>damaged_apple--37-_jpg.rf.41554b48449fb91526b249f952e5e4fe.jpg</path>
	<source>
		<database>roboflow.ai</database>
	</source>
	<size>
		<width>281</width>
		<height>180</height>
		<depth>3</depth>
	</size>
	<segmented>0</segmented>
	<object>
		<name>damaged_apple</name>
		<pose>Unspecified</pose>
		<truncated>0</truncated>
		<difficult>0</difficult>
		<occluded>0</occluded>
		<bndbox>
			<xmin>196</xmin>
			<xmax>251</xmax>
			<ymin>90</ymin>
			<ymax>144</ymax>
		</bndbox>
	</object>
</annotation>
