<annotation>
	<folder></folder>
	<filename>damaged_apple--251-_jpg.rf.1c1691b21445a44cf364f9e7c64c081a.jpg</filename>
	<path>damaged_apple--251-_jpg.rf.1c1691b21445a44cf364f9e7c64c081a.jpg</path>
	<source>
		<database>roboflow.ai</database>
	</source>
	<size>
		<width>218</width>
		<height>231</height>
		<depth>3</depth>
	</size>
	<segmented>0</segmented>
	<object>
		<name>damaged_apple</name>
		<pose>Unspecified</pose>
		<truncated>0</truncated>
		<difficult>0</difficult>
		<occluded>0</occluded>
		<bndbox>
			<xmin>39</xmin>
			<xmax>162</xmax>
			<ymin>53</ymin>
			<ymax>190</ymax>
		</bndbox>
	</object>
</annotation>
