<annotation>
	<folder></folder>
	<filename>damaged_apple--255-_jpg.rf.9a0bc524f714a5ef668126fbaaaa47fd.jpg</filename>
	<path>damaged_apple--255-_jpg.rf.9a0bc524f714a5ef668126fbaaaa47fd.jpg</path>
	<source>
		<database>roboflow.ai</database>
	</source>
	<size>
		<width>276</width>
		<height>183</height>
		<depth>3</depth>
	</size>
	<segmented>0</segmented>
	<object>
		<name>damaged_apple</name>
		<pose>Unspecified</pose>
		<truncated>0</truncated>
		<difficult>0</difficult>
		<occluded>0</occluded>
		<bndbox>
			<xmin>52</xmin>
			<xmax>127</xmax>
			<ymin>52</ymin>
			<ymax>125</ymax>
		</bndbox>
	</object>
	<object>
		<name>damaged_apple</name>
		<pose>Unspecified</pose>
		<truncated>0</truncated>
		<difficult>0</difficult>
		<occluded>0</occluded>
		<bndbox>
			<xmin>136</xmin>
			<xmax>216</xmax>
			<ymin>53</ymin>
			<ymax>129</ymax>
		</bndbox>
	</object>
</annotation>
