<annotation>
	<folder></folder>
	<filename>damaged_apple--222-_jpg.rf.3814d7d5c7fac6b09e6f2ca00cfb5623.jpg</filename>
	<path>damaged_apple--222-_jpg.rf.3814d7d5c7fac6b09e6f2ca00cfb5623.jpg</path>
	<source>
		<database>roboflow.ai</database>
	</source>
	<size>
		<width>259</width>
		<height>194</height>
		<depth>3</depth>
	</size>
	<segmented>0</segmented>
	<object>
		<name>damaged_apple</name>
		<pose>Unspecified</pose>
		<truncated>0</truncated>
		<difficult>0</difficult>
		<occluded>0</occluded>
		<bndbox>
			<xmin>59</xmin>
			<xmax>171</xmax>
			<ymin>67</ymin>
			<ymax>163</ymax>
		</bndbox>
	</object>
</annotation>
