<annotation>
	<folder></folder>
	<filename>damaged_apple--224-_jpg.rf.208d5f0657e9398a27ca63cd3e2c6b7f.jpg</filename>
	<path>damaged_apple--224-_jpg.rf.208d5f0657e9398a27ca63cd3e2c6b7f.jpg</path>
	<source>
		<database>roboflow.ai</database>
	</source>
	<size>
		<width>266</width>
		<height>189</height>
		<depth>3</depth>
	</size>
	<segmented>0</segmented>
	<object>
		<name>damaged_apple</name>
		<pose>Unspecified</pose>
		<truncated>0</truncated>
		<difficult>0</difficult>
		<occluded>0</occluded>
		<bndbox>
			<xmin>59</xmin>
			<xmax>135</xmax>
			<ymin>45</ymin>
			<ymax>144</ymax>
		</bndbox>
	</object>
	<object>
		<name>damaged_apple</name>
		<pose>Unspecified</pose>
		<truncated>0</truncated>
		<difficult>0</difficult>
		<occluded>0</occluded>
		<bndbox>
			<xmin>120</xmin>
			<xmax>209</xmax>
			<ymin>46</ymin>
			<ymax>143</ymax>
		</bndbox>
	</object>
</annotation>
