<annotation>
	<folder></folder>
	<filename>damaged_apple--108-_jpg.rf.1c95fb5d8fea52b08f87ff42f528a7ac.jpg</filename>
	<path>damaged_apple--108-_jpg.rf.1c95fb5d8fea52b08f87ff42f528a7ac.jpg</path>
	<source>
		<database>roboflow.ai</database>
	</source>
	<size>
		<width>275</width>
		<height>183</height>
		<depth>3</depth>
	</size>
	<segmented>0</segmented>
	<object>
		<name>damaged_apple</name>
		<pose>Unspecified</pose>
		<truncated>0</truncated>
		<difficult>0</difficult>
		<occluded>0</occluded>
		<bndbox>
			<xmin>87</xmin>
			<xmax>183</xmax>
			<ymin>42</ymin>
			<ymax>124</ymax>
		</bndbox>
	</object>
</annotation>
