<annotation>
	<folder></folder>
	<filename>damaged_apple--190-_jpg.rf.d6f6101d2b8e26d0d26866377b5b171d.jpg</filename>
	<path>damaged_apple--190-_jpg.rf.d6f6101d2b8e26d0d26866377b5b171d.jpg</path>
	<source>
		<database>roboflow.ai</database>
	</source>
	<size>
		<width>266</width>
		<height>189</height>
		<depth>3</depth>
	</size>
	<segmented>0</segmented>
	<object>
		<name>damaged_apple</name>
		<pose>Unspecified</pose>
		<truncated>0</truncated>
		<difficult>0</difficult>
		<occluded>0</occluded>
		<bndbox>
			<xmin>92</xmin>
			<xmax>169</xmax>
			<ymin>63</ymin>
			<ymax>134</ymax>
		</bndbox>
	</object>
</annotation>
