<annotation>
	<folder></folder>
	<filename>damaged_apple--191-_jpg.rf.7bcc11d24c3e0667371a569675ee2615.jpg</filename>
	<path>damaged_apple--191-_jpg.rf.7bcc11d24c3e0667371a569675ee2615.jpg</path>
	<source>
		<database>roboflow.ai</database>
	</source>
	<size>
		<width>266</width>
		<height>189</height>
		<depth>3</depth>
	</size>
	<segmented>0</segmented>
	<object>
		<name>damaged_apple</name>
		<pose>Unspecified</pose>
		<truncated>0</truncated>
		<difficult>0</difficult>
		<occluded>0</occluded>
		<bndbox>
			<xmin>40</xmin>
			<xmax>140</xmax>
			<ymin>107</ymin>
			<ymax>177</ymax>
		</bndbox>
	</object>
	<object>
		<name>damaged_apple</name>
		<pose>Unspecified</pose>
		<truncated>0</truncated>
		<difficult>0</difficult>
		<occluded>0</occluded>
		<bndbox>
			<xmin>29</xmin>
			<xmax>134</xmax>
			<ymin>7</ymin>
			<ymax>102</ymax>
		</bndbox>
	</object>
	<object>
		<name>damaged_apple</name>
		<pose>Unspecified</pose>
		<truncated>0</truncated>
		<difficult>0</difficult>
		<occluded>0</occluded>
		<bndbox>
			<xmin>131</xmin>
			<xmax>235</xmax>
			<ymin>51</ymin>
			<ymax>143</ymax>
		</bndbox>
	</object>
	<object>
		<name>damaged_apple</name>
		<pose>Unspecified</pose>
		<truncated>0</truncated>
		<difficult>0</difficult>
		<occluded>0</occluded>
		<bndbox>
			<xmin>123</xmin>
			<xmax>238</xmax>
			<ymin>1</ymin>
			<ymax>72</ymax>
		</bndbox>
	</object>
</annotation>
