<annotation>
	<folder></folder>
	<filename>damaged_apple--24-_jpg.rf.b8cab75128cbcfc68cff3420c17215fe.jpg</filename>
	<path>damaged_apple--24-_jpg.rf.b8cab75128cbcfc68cff3420c17215fe.jpg</path>
	<source>
		<database>roboflow.ai</database>
	</source>
	<size>
		<width>259</width>
		<height>194</height>
		<depth>3</depth>
	</size>
	<segmented>0</segmented>
	<object>
		<name>damaged_apple</name>
		<pose>Unspecified</pose>
		<truncated>0</truncated>
		<difficult>0</difficult>
		<occluded>0</occluded>
		<bndbox>
			<xmin>124</xmin>
			<xmax>238</xmax>
			<ymin>47</ymin>
			<ymax>159</ymax>
		</bndbox>
	</object>
</annotation>
