<annotation>
	<folder></folder>
	<filename>damaged_apple--292-_jpg.rf.b3b2c8d33c15dc12b05ef1d8e71f9f6e.jpg</filename>
	<path>damaged_apple--292-_jpg.rf.b3b2c8d33c15dc12b05ef1d8e71f9f6e.jpg</path>
	<source>
		<database>roboflow.ai</database>
	</source>
	<size>
		<width>225</width>
		<height>225</height>
		<depth>3</depth>
	</size>
	<segmented>0</segmented>
	<object>
		<name>damaged_apple</name>
		<pose>Unspecified</pose>
		<truncated>0</truncated>
		<difficult>0</difficult>
		<occluded>0</occluded>
		<bndbox>
			<xmin>35</xmin>
			<xmax>204</xmax>
			<ymin>33</ymin>
			<ymax>193</ymax>
		</bndbox>
	</object>
</annotation>
