<annotation>
	<folder></folder>
	<filename>damaged_apple--283-_jpg.rf.421ed6e76afbef400e6a4a2dcce07c0b.jpg</filename>
	<path>damaged_apple--283-_jpg.rf.421ed6e76afbef400e6a4a2dcce07c0b.jpg</path>
	<source>
		<database>roboflow.ai</database>
	</source>
	<size>
		<width>275</width>
		<height>183</height>
		<depth>3</depth>
	</size>
	<segmented>0</segmented>
	<object>
		<name>damaged_apple</name>
		<pose>Unspecified</pose>
		<truncated>0</truncated>
		<difficult>0</difficult>
		<occluded>0</occluded>
		<bndbox>
			<xmin>42</xmin>
			<xmax>223</xmax>
			<ymin>5</ymin>
			<ymax>174</ymax>
		</bndbox>
	</object>
</annotation>
