<annotation>
	<folder></folder>
	<filename>damaged_apple--257-_jpg.rf.fee277b2ac15cea33d15fdb0f84d4d6f.jpg</filename>
	<path>damaged_apple--257-_jpg.rf.fee277b2ac15cea33d15fdb0f84d4d6f.jpg</path>
	<source>
		<database>roboflow.ai</database>
	</source>
	<size>
		<width>310</width>
		<height>163</height>
		<depth>3</depth>
	</size>
	<segmented>0</segmented>
	<object>
		<name>damaged_apple</name>
		<pose>Unspecified</pose>
		<truncated>0</truncated>
		<difficult>0</difficult>
		<occluded>0</occluded>
		<bndbox>
			<xmin>79</xmin>
			<xmax>215</xmax>
			<ymin>15</ymin>
			<ymax>145</ymax>
		</bndbox>
	</object>
</annotation>
