<annotation>
	<folder></folder>
	<filename>damaged_apple--306-_jpg.rf.1c261db133a42a0f6712e1bedaa4741c.jpg</filename>
	<path>damaged_apple--306-_jpg.rf.1c261db133a42a0f6712e1bedaa4741c.jpg</path>
	<source>
		<database>roboflow.ai</database>
	</source>
	<size>
		<width>255</width>
		<height>188</height>
		<depth>3</depth>
	</size>
	<segmented>0</segmented>
	<object>
		<name>damaged_apple</name>
		<pose>Unspecified</pose>
		<truncated>0</truncated>
		<difficult>0</difficult>
		<occluded>0</occluded>
		<bndbox>
			<xmin>109</xmin>
			<xmax>179</xmax>
			<ymin>54</ymin>
			<ymax>119</ymax>
		</bndbox>
	</object>
</annotation>
