<annotation>
	<folder></folder>
	<filename>damaged_apple--39-_jpg.rf.bdd4cd7b84df5dcf3565e64f3321b7bc.jpg</filename>
	<path>damaged_apple--39-_jpg.rf.bdd4cd7b84df5dcf3565e64f3321b7bc.jpg</path>
	<source>
		<database>roboflow.ai</database>
	</source>
	<size>
		<width>225</width>
		<height>225</height>
		<depth>3</depth>
	</size>
	<segmented>0</segmented>
	<object>
		<name>damaged_apple</name>
		<pose>Unspecified</pose>
		<truncated>0</truncated>
		<difficult>0</difficult>
		<occluded>0</occluded>
		<bndbox>
			<xmin>47</xmin>
			<xmax>183</xmax>
			<ymin>54</ymin>
			<ymax>184</ymax>
		</bndbox>
	</object>
</annotation>
