<annotation>
	<folder></folder>
	<filename>damaged_apple--336-_jpg.rf.10193e66af25fc401beed03b73866fc0.jpg</filename>
	<path>damaged_apple--336-_jpg.rf.10193e66af25fc401beed03b73866fc0.jpg</path>
	<source>
		<database>roboflow.ai</database>
	</source>
	<size>
		<width>261</width>
		<height>193</height>
		<depth>3</depth>
	</size>
	<segmented>0</segmented>
	<object>
		<name>damaged_apple</name>
		<pose>Unspecified</pose>
		<truncated>0</truncated>
		<difficult>0</difficult>
		<occluded>0</occluded>
		<bndbox>
			<xmin>80</xmin>
			<xmax>178</xmax>
			<ymin>58</ymin>
			<ymax>142</ymax>
		</bndbox>
	</object>
</annotation>
