<annotation>
	<folder></folder>
	<filename>damaged_apple--29-_jpg.rf.d8f26ac4159c53880b02bbea09bb1347.jpg</filename>
	<path>damaged_apple--29-_jpg.rf.d8f26ac4159c53880b02bbea09bb1347.jpg</path>
	<source>
		<database>roboflow.ai</database>
	</source>
	<size>
		<width>263</width>
		<height>192</height>
		<depth>3</depth>
	</size>
	<segmented>0</segmented>
	<object>
		<name>damaged_apple</name>
		<pose>Unspecified</pose>
		<truncated>0</truncated>
		<difficult>0</difficult>
		<occluded>0</occluded>
		<bndbox>
			<xmin>132</xmin>
			<xmax>213</xmax>
			<ymin>64</ymin>
			<ymax>149</ymax>
		</bndbox>
	</object>
</annotation>
