<annotation>
	<folder></folder>
	<filename>damaged_apple--51-_jpg.rf.289aaacbbd92d8bedc421340cb297866.jpg</filename>
	<path>damaged_apple--51-_jpg.rf.289aaacbbd92d8bedc421340cb297866.jpg</path>
	<source>
		<database>roboflow.ai</database>
	</source>
	<size>
		<width>268</width>
		<height>188</height>
		<depth>3</depth>
	</size>
	<segmented>0</segmented>
	<object>
		<name>damaged_apple</name>
		<pose>Unspecified</pose>
		<truncated>0</truncated>
		<difficult>0</difficult>
		<occluded>0</occluded>
		<bndbox>
			<xmin>110</xmin>
			<xmax>249</xmax>
			<ymin>31</ymin>
			<ymax>177</ymax>
		</bndbox>
	</object>
</annotation>
