<annotation>
	<folder></folder>
	<filename>damaged_apple--201-_jpg.rf.353a87e310b5fc375d8ff73c896ce07a.jpg</filename>
	<path>damaged_apple--201-_jpg.rf.353a87e310b5fc375d8ff73c896ce07a.jpg</path>
	<source>
		<database>roboflow.ai</database>
	</source>
	<size>
		<width>254</width>
		<height>199</height>
		<depth>3</depth>
	</size>
	<segmented>0</segmented>
	<object>
		<name>damaged_apple</name>
		<pose>Unspecified</pose>
		<truncated>0</truncated>
		<difficult>0</difficult>
		<occluded>0</occluded>
		<bndbox>
			<xmin>123</xmin>
			<xmax>211</xmax>
			<ymin>42</ymin>
			<ymax>124</ymax>
		</bndbox>
	</object>
</annotation>
