<annotation>
	<folder></folder>
	<filename>damaged_apple--210-_jpg.rf.8f3561ff3013561cd8872d77f36e6780.jpg</filename>
	<path>damaged_apple--210-_jpg.rf.8f3561ff3013561cd8872d77f36e6780.jpg</path>
	<source>
		<database>roboflow.ai</database>
	</source>
	<size>
		<width>236</width>
		<height>214</height>
		<depth>3</depth>
	</size>
	<segmented>0</segmented>
	<object>
		<name>damaged_apple</name>
		<pose>Unspecified</pose>
		<truncated>0</truncated>
		<difficult>0</difficult>
		<occluded>0</occluded>
		<bndbox>
			<xmin>16</xmin>
			<xmax>212</xmax>
			<ymin>24</ymin>
			<ymax>202</ymax>
		</bndbox>
	</object>
</annotation>
