<annotation>
	<folder></folder>
	<filename>damaged_apple--111-_jpg.rf.9767f5be586e4d344011ef29251ac78e.jpg</filename>
	<path>damaged_apple--111-_jpg.rf.9767f5be586e4d344011ef29251ac78e.jpg</path>
	<source>
		<database>roboflow.ai</database>
	</source>
	<size>
		<width>261</width>
		<height>193</height>
		<depth>3</depth>
	</size>
	<segmented>0</segmented>
	<object>
		<name>damaged_apple</name>
		<pose>Unspecified</pose>
		<truncated>0</truncated>
		<difficult>0</difficult>
		<occluded>0</occluded>
		<bndbox>
			<xmin>71</xmin>
			<xmax>209</xmax>
			<ymin>32</ymin>
			<ymax>188</ymax>
		</bndbox>
	</object>
</annotation>
