<annotation>
	<folder></folder>
	<filename>damaged_apple--141-_jpg.rf.14add2afd818ed92048d92ab2b352468.jpg</filename>
	<path>damaged_apple--141-_jpg.rf.14add2afd818ed92048d92ab2b352468.jpg</path>
	<source>
		<database>roboflow.ai</database>
	</source>
	<size>
		<width>269</width>
		<height>187</height>
		<depth>3</depth>
	</size>
	<segmented>0</segmented>
	<object>
		<name>damaged_apple</name>
		<pose>Unspecified</pose>
		<truncated>0</truncated>
		<difficult>0</difficult>
		<occluded>0</occluded>
		<bndbox>
			<xmin>50</xmin>
			<xmax>133</xmax>
			<ymin>60</ymin>
			<ymax>138</ymax>
		</bndbox>
	</object>
</annotation>
