<annotation>
	<folder></folder>
	<filename>damaged_apple--153-_jpg.rf.19cb0e402ef2cca202bf70a1ad4e6068.jpg</filename>
	<path>damaged_apple--153-_jpg.rf.19cb0e402ef2cca202bf70a1ad4e6068.jpg</path>
	<source>
		<database>roboflow.ai</database>
	</source>
	<size>
		<width>293</width>
		<height>172</height>
		<depth>3</depth>
	</size>
	<segmented>0</segmented>
	<object>
		<name>damaged_apple</name>
		<pose>Unspecified</pose>
		<truncated>0</truncated>
		<difficult>0</difficult>
		<occluded>0</occluded>
		<bndbox>
			<xmin>84</xmin>
			<xmax>158</xmax>
			<ymin>69</ymin>
			<ymax>139</ymax>
		</bndbox>
	</object>
	<object>
		<name>damaged_apple</name>
		<pose>Unspecified</pose>
		<truncated>0</truncated>
		<difficult>0</difficult>
		<occluded>0</occluded>
		<bndbox>
			<xmin>143</xmin>
			<xmax>222</xmax>
			<ymin>54</ymin>
			<ymax>138</ymax>
		</bndbox>
	</object>
</annotation>
