<annotation>
	<folder></folder>
	<filename>damaged_apple--131-_jpg.rf.d4ae653f86e378ed701d265314121083.jpg</filename>
	<path>damaged_apple--131-_jpg.rf.d4ae653f86e378ed701d265314121083.jpg</path>
	<source>
		<database>roboflow.ai</database>
	</source>
	<size>
		<width>259</width>
		<height>194</height>
		<depth>3</depth>
	</size>
	<segmented>0</segmented>
	<object>
		<name>damaged_apple</name>
		<pose>Unspecified</pose>
		<truncated>0</truncated>
		<difficult>0</difficult>
		<occluded>0</occluded>
		<bndbox>
			<xmin>54</xmin>
			<xmax>191</xmax>
			<ymin>28</ymin>
			<ymax>158</ymax>
		</bndbox>
	</object>
	<object>
		<name>damaged_apple</name>
		<pose>Unspecified</pose>
		<truncated>0</truncated>
		<difficult>0</difficult>
		<occluded>0</occluded>
		<bndbox>
			<xmin>107</xmin>
			<xmax>208</xmax>
			<ymin>136</ymin>
			<ymax>193</ymax>
		</bndbox>
	</object>
</annotation>
