<annotation>
	<folder></folder>
	<filename>damaged_apple--125-_jpg.rf.e814dfc87378c9c4318175761f6c1ffb.jpg</filename>
	<path>damaged_apple--125-_jpg.rf.e814dfc87378c9c4318175761f6c1ffb.jpg</path>
	<source>
		<database>roboflow.ai</database>
	</source>
	<size>
		<width>255</width>
		<height>198</height>
		<depth>3</depth>
	</size>
	<segmented>0</segmented>
	<object>
		<name>damaged_apple</name>
		<pose>Unspecified</pose>
		<truncated>0</truncated>
		<difficult>0</difficult>
		<occluded>0</occluded>
		<bndbox>
			<xmin>78</xmin>
			<xmax>221</xmax>
			<ymin>20</ymin>
			<ymax>162</ymax>
		</bndbox>
	</object>
</annotation>
