<annotation>
	<folder></folder>
	<filename>damaged_apple--327-_jpg.rf.4d1a415ef7084da49358d6ed14b9fc42.jpg</filename>
	<path>damaged_apple--327-_jpg.rf.4d1a415ef7084da49358d6ed14b9fc42.jpg</path>
	<source>
		<database>roboflow.ai</database>
	</source>
	<size>
		<width>292</width>
		<height>172</height>
		<depth>3</depth>
	</size>
	<segmented>0</segmented>
	<object>
		<name>damaged_apple</name>
		<pose>Unspecified</pose>
		<truncated>0</truncated>
		<difficult>0</difficult>
		<occluded>0</occluded>
		<bndbox>
			<xmin>84</xmin>
			<xmax>213</xmax>
			<ymin>43</ymin>
			<ymax>162</ymax>
		</bndbox>
	</object>
</annotation>
