<annotation>
	<folder></folder>
	<filename>damaged_apple--293-_jpg.rf.b9137c51d5a55b63bfae196d354464b0.jpg</filename>
	<path>damaged_apple--293-_jpg.rf.b9137c51d5a55b63bfae196d354464b0.jpg</path>
	<source>
		<database>roboflow.ai</database>
	</source>
	<size>
		<width>300</width>
		<height>168</height>
		<depth>3</depth>
	</size>
	<segmented>0</segmented>
	<object>
		<name>damaged_apple</name>
		<pose>Unspecified</pose>
		<truncated>0</truncated>
		<difficult>0</difficult>
		<occluded>0</occluded>
		<bndbox>
			<xmin>61</xmin>
			<xmax>193</xmax>
			<ymin>46</ymin>
			<ymax>161</ymax>
		</bndbox>
	</object>
</annotation>
