<annotation>
	<folder></folder>
	<filename>damaged_apple--186-_jpg.rf.1981a6d2e5a899cb9e9a4a57243512ad.jpg</filename>
	<path>damaged_apple--186-_jpg.rf.1981a6d2e5a899cb9e9a4a57243512ad.jpg</path>
	<source>
		<database>roboflow.ai</database>
	</source>
	<size>
		<width>262</width>
		<height>192</height>
		<depth>3</depth>
	</size>
	<segmented>0</segmented>
	<object>
		<name>damaged_apple</name>
		<pose>Unspecified</pose>
		<truncated>0</truncated>
		<difficult>0</difficult>
		<occluded>0</occluded>
		<bndbox>
			<xmin>129</xmin>
			<xmax>204</xmax>
			<ymin>48</ymin>
			<ymax>126</ymax>
		</bndbox>
	</object>
</annotation>
