<annotation>
	<folder></folder>
	<filename>damaged_apple--114-_jpg.rf.a2590c7894227e550784348d222c62f0.jpg</filename>
	<path>damaged_apple--114-_jpg.rf.a2590c7894227e550784348d222c62f0.jpg</path>
	<source>
		<database>roboflow.ai</database>
	</source>
	<size>
		<width>259</width>
		<height>194</height>
		<depth>3</depth>
	</size>
	<segmented>0</segmented>
	<object>
		<name>damaged_apple</name>
		<pose>Unspecified</pose>
		<truncated>0</truncated>
		<difficult>0</difficult>
		<occluded>0</occluded>
		<bndbox>
			<xmin>129</xmin>
			<xmax>241</xmax>
			<ymin>44</ymin>
			<ymax>152</ymax>
		</bndbox>
	</object>
</annotation>
