<annotation>
	<folder></folder>
	<filename>damaged_apple--335-_jpg.rf.8211e33e4de05c541ee1c8fc2d2c46bc.jpg</filename>
	<path>damaged_apple--335-_jpg.rf.8211e33e4de05c541ee1c8fc2d2c46bc.jpg</path>
	<source>
		<database>roboflow.ai</database>
	</source>
	<size>
		<width>259</width>
		<height>194</height>
		<depth>3</depth>
	</size>
	<segmented>0</segmented>
	<object>
		<name>damaged_apple</name>
		<pose>Unspecified</pose>
		<truncated>0</truncated>
		<difficult>0</difficult>
		<occluded>0</occluded>
		<bndbox>
			<xmin>58</xmin>
			<xmax>161</xmax>
			<ymin>40</ymin>
			<ymax>133</ymax>
		</bndbox>
	</object>
</annotation>
