<annotation>
	<folder></folder>
	<filename>damaged_apple--122-_jpg.rf.89cb80dd2d0abc2e926e533c437d35c8.jpg</filename>
	<path>damaged_apple--122-_jpg.rf.89cb80dd2d0abc2e926e533c437d35c8.jpg</path>
	<source>
		<database>roboflow.ai</database>
	</source>
	<size>
		<width>183</width>
		<height>275</height>
		<depth>3</depth>
	</size>
	<segmented>0</segmented>
	<object>
		<name>damaged_apple</name>
		<pose>Unspecified</pose>
		<truncated>0</truncated>
		<difficult>0</difficult>
		<occluded>0</occluded>
		<bndbox>
			<xmin>29</xmin>
			<xmax>119</xmax>
			<ymin>139</ymin>
			<ymax>224</ymax>
		</bndbox>
	</object>
</annotation>
