<annotation>
	<folder></folder>
	<filename>damaged_apple--216-_jpg.rf.9b19c46fa4a5c789dc306bb990722a17.jpg</filename>
	<path>damaged_apple--216-_jpg.rf.9b19c46fa4a5c789dc306bb990722a17.jpg</path>
	<source>
		<database>roboflow.ai</database>
	</source>
	<size>
		<width>275</width>
		<height>183</height>
		<depth>3</depth>
	</size>
	<segmented>0</segmented>
	<object>
		<name>damaged_apple</name>
		<pose>Unspecified</pose>
		<truncated>0</truncated>
		<difficult>0</difficult>
		<occluded>0</occluded>
		<bndbox>
			<xmin>62</xmin>
			<xmax>142</xmax>
			<ymin>54</ymin>
			<ymax>138</ymax>
		</bndbox>
	</object>
</annotation>
