<annotation>
	<folder></folder>
	<filename>damaged_apple--174-_jpg.rf.2cf7e1857e882a28c7d5b495bbf190da.jpg</filename>
	<path>damaged_apple--174-_jpg.rf.2cf7e1857e882a28c7d5b495bbf190da.jpg</path>
	<source>
		<database>roboflow.ai</database>
	</source>
	<size>
		<width>227</width>
		<height>222</height>
		<depth>3</depth>
	</size>
	<segmented>0</segmented>
	<object>
		<name>damaged_apple</name>
		<pose>Unspecified</pose>
		<truncated>0</truncated>
		<difficult>0</difficult>
		<occluded>0</occluded>
		<bndbox>
			<xmin>47</xmin>
			<xmax>178</xmax>
			<ymin>58</ymin>
			<ymax>183</ymax>
		</bndbox>
	</object>
</annotation>
