<annotation>
	<folder></folder>
	<filename>damaged_apple--328-_jpg.rf.ef44f259633562746ddaa038eb5887e1.jpg</filename>
	<path>damaged_apple--328-_jpg.rf.ef44f259633562746ddaa038eb5887e1.jpg</path>
	<source>
		<database>roboflow.ai</database>
	</source>
	<size>
		<width>276</width>
		<height>183</height>
		<depth>3</depth>
	</size>
	<segmented>0</segmented>
	<object>
		<name>damaged_apple</name>
		<pose>Unspecified</pose>
		<truncated>0</truncated>
		<difficult>0</difficult>
		<occluded>0</occluded>
		<bndbox>
			<xmin>136</xmin>
			<xmax>241</xmax>
			<ymin>46</ymin>
			<ymax>137</ymax>
		</bndbox>
	</object>
</annotation>
