<annotation>
	<folder></folder>
	<filename>damaged_apple--112-_jpg.rf.e71d8937542745ed37964ddb7837632e.jpg</filename>
	<path>damaged_apple--112-_jpg.rf.e71d8937542745ed37964ddb7837632e.jpg</path>
	<source>
		<database>roboflow.ai</database>
	</source>
	<size>
		<width>275</width>
		<height>183</height>
		<depth>3</depth>
	</size>
	<segmented>0</segmented>
	<object>
		<name>damaged_apple</name>
		<pose>Unspecified</pose>
		<truncated>0</truncated>
		<difficult>0</difficult>
		<occluded>0</occluded>
		<bndbox>
			<xmin>56</xmin>
			<xmax>134</xmax>
			<ymin>11</ymin>
			<ymax>82</ymax>
		</bndbox>
	</object>
	<object>
		<name>damaged_apple</name>
		<pose>Unspecified</pose>
		<truncated>0</truncated>
		<difficult>0</difficult>
		<occluded>0</occluded>
		<bndbox>
			<xmin>98</xmin>
			<xmax>175</xmax>
			<ymin>71</ymin>
			<ymax>144</ymax>
		</bndbox>
	</object>
	<object>
		<name>damaged_apple</name>
		<pose>Unspecified</pose>
		<truncated>0</truncated>
		<difficult>0</difficult>
		<occluded>0</occluded>
		<bndbox>
			<xmin>208</xmin>
			<xmax>275</xmax>
			<ymin>69</ymin>
			<ymax>133</ymax>
		</bndbox>
	</object>
</annotation>
