<annotation>
	<folder></folder>
	<filename>damaged_apple--256-_jpg.rf.2ade14bd41a1f5fa2e0536ff4f9a83b7.jpg</filename>
	<path>damaged_apple--256-_jpg.rf.2ade14bd41a1f5fa2e0536ff4f9a83b7.jpg</path>
	<source>
		<database>roboflow.ai</database>
	</source>
	<size>
		<width>332</width>
		<height>152</height>
		<depth>3</depth>
	</size>
	<segmented>0</segmented>
	<object>
		<name>damaged_apple</name>
		<pose>Unspecified</pose>
		<truncated>0</truncated>
		<difficult>0</difficult>
		<occluded>0</occluded>
		<bndbox>
			<xmin>6</xmin>
			<xmax>126</xmax>
			<ymin>32</ymin>
			<ymax>147</ymax>
		</bndbox>
	</object>
	<object>
		<name>damaged_apple</name>
		<pose>Unspecified</pose>
		<truncated>0</truncated>
		<difficult>0</difficult>
		<occluded>0</occluded>
		<bndbox>
			<xmin>125</xmin>
			<xmax>217</xmax>
			<ymin>35</ymin>
			<ymax>143</ymax>
		</bndbox>
	</object>
	<object>
		<name>damaged_apple</name>
		<pose>Unspecified</pose>
		<truncated>0</truncated>
		<difficult>0</difficult>
		<occluded>0</occluded>
		<bndbox>
			<xmin>220</xmin>
			<xmax>325</xmax>
			<ymin>40</ymin>
			<ymax>146</ymax>
		</bndbox>
	</object>
</annotation>
