<annotation>
	<folder></folder>
	<filename>damaged_apple--130-_jpg.rf.ebcde7f24f3a5a18320b2066f6e51d66.jpg</filename>
	<path>damaged_apple--130-_jpg.rf.ebcde7f24f3a5a18320b2066f6e51d66.jpg</path>
	<source>
		<database>roboflow.ai</database>
	</source>
	<size>
		<width>259</width>
		<height>194</height>
		<depth>3</depth>
	</size>
	<segmented>0</segmented>
	<object>
		<name>damaged_apple</name>
		<pose>Unspecified</pose>
		<truncated>0</truncated>
		<difficult>0</difficult>
		<occluded>0</occluded>
		<bndbox>
			<xmin>81</xmin>
			<xmax>182</xmax>
			<ymin>44</ymin>
			<ymax>128</ymax>
		</bndbox>
	</object>
</annotation>
