<annotation>
	<folder></folder>
	<filename>damaged_apple--228-_jpg.rf.4bd3030bc557dd162ae65d77ec6c27b9.jpg</filename>
	<path>damaged_apple--228-_jpg.rf.4bd3030bc557dd162ae65d77ec6c27b9.jpg</path>
	<source>
		<database>roboflow.ai</database>
	</source>
	<size>
		<width>259</width>
		<height>194</height>
		<depth>3</depth>
	</size>
	<segmented>0</segmented>
	<object>
		<name>damaged_apple</name>
		<pose>Unspecified</pose>
		<truncated>0</truncated>
		<difficult>0</difficult>
		<occluded>0</occluded>
		<bndbox>
			<xmin>104</xmin>
			<xmax>207</xmax>
			<ymin>19</ymin>
			<ymax>111</ymax>
		</bndbox>
	</object>
</annotation>
