<annotation>
	<folder></folder>
	<filename>damaged_apple--16-_jpg.rf.14d16417cad6d2dd21b8b08621cbfb8c.jpg</filename>
	<path>damaged_apple--16-_jpg.rf.14d16417cad6d2dd21b8b08621cbfb8c.jpg</path>
	<source>
		<database>roboflow.ai</database>
	</source>
	<size>
		<width>267</width>
		<height>189</height>
		<depth>3</depth>
	</size>
	<segmented>0</segmented>
	<object>
		<name>damaged_apple</name>
		<pose>Unspecified</pose>
		<truncated>0</truncated>
		<difficult>0</difficult>
		<occluded>0</occluded>
		<bndbox>
			<xmin>62</xmin>
			<xmax>207</xmax>
			<ymin>11</ymin>
			<ymax>163</ymax>
		</bndbox>
	</object>
</annotation>
