<annotation>
	<folder></folder>
	<filename>damaged_apple--320-_jpg.rf.21f53d2ab66b52d4c976e227ec6033ce.jpg</filename>
	<path>damaged_apple--320-_jpg.rf.21f53d2ab66b52d4c976e227ec6033ce.jpg</path>
	<source>
		<database>roboflow.ai</database>
	</source>
	<size>
		<width>275</width>
		<height>183</height>
		<depth>3</depth>
	</size>
	<segmented>0</segmented>
	<object>
		<name>damaged_apple</name>
		<pose>Unspecified</pose>
		<truncated>0</truncated>
		<difficult>0</difficult>
		<occluded>0</occluded>
		<bndbox>
			<xmin>55</xmin>
			<xmax>204</xmax>
			<ymin>34</ymin>
			<ymax>178</ymax>
		</bndbox>
	</object>
</annotation>
