<annotation>
	<folder></folder>
	<filename>damaged_apple--4-_jpg.rf.8930518a25db6ab52f0c98bc2539031c.jpg</filename>
	<path>damaged_apple--4-_jpg.rf.8930518a25db6ab52f0c98bc2539031c.jpg</path>
	<source>
		<database>roboflow.ai</database>
	</source>
	<size>
		<width>168</width>
		<height>299</height>
		<depth>3</depth>
	</size>
	<segmented>0</segmented>
	<object>
		<name>damaged_apple</name>
		<pose>Unspecified</pose>
		<truncated>0</truncated>
		<difficult>0</difficult>
		<occluded>0</occluded>
		<bndbox>
			<xmin>5</xmin>
			<xmax>104</xmax>
			<ymin>198</ymin>
			<ymax>299</ymax>
		</bndbox>
	</object>
</annotation>
