<annotation>
	<folder></folder>
	<filename>damaged_apple--49-_jpg.rf.d172d900db12ace31c43f6b8152cadd9.jpg</filename>
	<path>damaged_apple--49-_jpg.rf.d172d900db12ace31c43f6b8152cadd9.jpg</path>
	<source>
		<database>roboflow.ai</database>
	</source>
	<size>
		<width>268</width>
		<height>188</height>
		<depth>3</depth>
	</size>
	<segmented>0</segmented>
	<object>
		<name>damaged_apple</name>
		<pose>Unspecified</pose>
		<truncated>0</truncated>
		<difficult>0</difficult>
		<occluded>0</occluded>
		<bndbox>
			<xmin>26</xmin>
			<xmax>158</xmax>
			<ymin>37</ymin>
			<ymax>173</ymax>
		</bndbox>
	</object>
</annotation>
