<annotation>
	<folder></folder>
	<filename>damaged_apple--230-_jpg.rf.e8f7df9856f58be4af562c8c058796fd.jpg</filename>
	<path>damaged_apple--230-_jpg.rf.e8f7df9856f58be4af562c8c058796fd.jpg</path>
	<source>
		<database>roboflow.ai</database>
	</source>
	<size>
		<width>275</width>
		<height>183</height>
		<depth>3</depth>
	</size>
	<segmented>0</segmented>
	<object>
		<name>damaged_apple</name>
		<pose>Unspecified</pose>
		<truncated>0</truncated>
		<difficult>0</difficult>
		<occluded>0</occluded>
		<bndbox>
			<xmin>66</xmin>
			<xmax>203</xmax>
			<ymin>29</ymin>
			<ymax>164</ymax>
		</bndbox>
	</object>
</annotation>
