<annotation>
	<folder></folder>
	<filename>damaged_apple--281-_jpg.rf.0eca91e0c1cfe00bf1834b9d9db746cd.jpg</filename>
	<path>damaged_apple--281-_jpg.rf.0eca91e0c1cfe00bf1834b9d9db746cd.jpg</path>
	<source>
		<database>roboflow.ai</database>
	</source>
	<size>
		<width>259</width>
		<height>194</height>
		<depth>3</depth>
	</size>
	<segmented>0</segmented>
	<object>
		<name>damaged_apple</name>
		<pose>Unspecified</pose>
		<truncated>0</truncated>
		<difficult>0</difficult>
		<occluded>0</occluded>
		<bndbox>
			<xmin>49</xmin>
			<xmax>229</xmax>
			<ymin>15</ymin>
			<ymax>185</ymax>
		</bndbox>
	</object>
</annotation>
