<annotation>
	<folder></folder>
	<filename>damaged_apple--27-_jpg.rf.8d17b7831a78c439ffea2c163ae97510.jpg</filename>
	<path>damaged_apple--27-_jpg.rf.8d17b7831a78c439ffea2c163ae97510.jpg</path>
	<source>
		<database>roboflow.ai</database>
	</source>
	<size>
		<width>266</width>
		<height>189</height>
		<depth>3</depth>
	</size>
	<segmented>0</segmented>
	<object>
		<name>damaged_apple</name>
		<pose>Unspecified</pose>
		<truncated>0</truncated>
		<difficult>0</difficult>
		<occluded>0</occluded>
		<bndbox>
			<xmin>128</xmin>
			<xmax>182</xmax>
			<ymin>43</ymin>
			<ymax>93</ymax>
		</bndbox>
	</object>
</annotation>
