<annotation>
	<folder></folder>
	<filename>damaged_apple--237-_jpg.rf.38ac8f9bfa094f46fe33e23424d49f27.jpg</filename>
	<path>damaged_apple--237-_jpg.rf.38ac8f9bfa094f46fe33e23424d49f27.jpg</path>
	<source>
		<database>roboflow.ai</database>
	</source>
	<size>
		<width>267</width>
		<height>189</height>
		<depth>3</depth>
	</size>
	<segmented>0</segmented>
	<object>
		<name>damaged_apple</name>
		<pose>Unspecified</pose>
		<truncated>0</truncated>
		<difficult>0</difficult>
		<occluded>0</occluded>
		<bndbox>
			<xmin>146</xmin>
			<xmax>236</xmax>
			<ymin>56</ymin>
			<ymax>140</ymax>
		</bndbox>
	</object>
</annotation>
