<annotation>
	<folder></folder>
	<filename>damaged_apple--151-_jpg.rf.82970c439cb7da78dde0d367431bbe15.jpg</filename>
	<path>damaged_apple--151-_jpg.rf.82970c439cb7da78dde0d367431bbe15.jpg</path>
	<source>
		<database>roboflow.ai</database>
	</source>
	<size>
		<width>308</width>
		<height>164</height>
		<depth>3</depth>
	</size>
	<segmented>0</segmented>
	<object>
		<name>damaged_apple</name>
		<pose>Unspecified</pose>
		<truncated>0</truncated>
		<difficult>0</difficult>
		<occluded>0</occluded>
		<bndbox>
			<xmin>11</xmin>
			<xmax>281</xmax>
			<ymin>2</ymin>
			<ymax>163</ymax>
		</bndbox>
	</object>
</annotation>
