<annotation>
	<folder></folder>
	<filename>damaged_apple--167-_jpg.rf.f3bf2053179f3a5473f81c8a21631851.jpg</filename>
	<path>damaged_apple--167-_jpg.rf.f3bf2053179f3a5473f81c8a21631851.jpg</path>
	<source>
		<database>roboflow.ai</database>
	</source>
	<size>
		<width>420</width>
		<height>120</height>
		<depth>3</depth>
	</size>
	<segmented>0</segmented>
	<object>
		<name>damaged_apple</name>
		<pose>Unspecified</pose>
		<truncated>0</truncated>
		<difficult>0</difficult>
		<occluded>0</occluded>
		<bndbox>
			<xmin>7</xmin>
			<xmax>135</xmax>
			<ymin>11</ymin>
			<ymax>120</ymax>
		</bndbox>
	</object>
	<object>
		<name>damaged_apple</name>
		<pose>Unspecified</pose>
		<truncated>0</truncated>
		<difficult>0</difficult>
		<occluded>0</occluded>
		<bndbox>
			<xmin>156</xmin>
			<xmax>276</xmax>
			<ymin>7</ymin>
			<ymax>117</ymax>
		</bndbox>
	</object>
	<object>
		<name>damaged_apple</name>
		<pose>Unspecified</pose>
		<truncated>0</truncated>
		<difficult>0</difficult>
		<occluded>0</occluded>
		<bndbox>
			<xmin>291</xmin>
			<xmax>410</xmax>
			<ymin>4</ymin>
			<ymax>117</ymax>
		</bndbox>
	</object>
</annotation>
