<annotation>
	<folder></folder>
	<filename>damaged_apple--120-_jpg.rf.4cc8113ab4e098c12a37cc2137eb94c5.jpg</filename>
	<path>damaged_apple--120-_jpg.rf.4cc8113ab4e098c12a37cc2137eb94c5.jpg</path>
	<source>
		<database>roboflow.ai</database>
	</source>
	<size>
		<width>256</width>
		<height>197</height>
		<depth>3</depth>
	</size>
	<segmented>0</segmented>
	<object>
		<name>damaged_apple</name>
		<pose>Unspecified</pose>
		<truncated>0</truncated>
		<difficult>0</difficult>
		<occluded>0</occluded>
		<bndbox>
			<xmin>66</xmin>
			<xmax>205</xmax>
			<ymin>24</ymin>
			<ymax>160</ymax>
		</bndbox>
	</object>
</annotation>
