<annotation>
	<folder></folder>
	<filename>damaged_apple--62-_jpg.rf.6ac3973c430086a3ffe84f94a6944674.jpg</filename>
	<path>damaged_apple--62-_jpg.rf.6ac3973c430086a3ffe84f94a6944674.jpg</path>
	<source>
		<database>roboflow.ai</database>
	</source>
	<size>
		<width>344</width>
		<height>146</height>
		<depth>3</depth>
	</size>
	<segmented>0</segmented>
	<object>
		<name>damaged_apple</name>
		<pose>Unspecified</pose>
		<truncated>0</truncated>
		<difficult>0</difficult>
		<occluded>0</occluded>
		<bndbox>
			<xmin>2</xmin>
			<xmax>110</xmax>
			<ymin>13</ymin>
			<ymax>85</ymax>
		</bndbox>
	</object>
	<object>
		<name>damaged_apple</name>
		<pose>Unspecified</pose>
		<truncated>0</truncated>
		<difficult>0</difficult>
		<occluded>0</occluded>
		<bndbox>
			<xmin>15</xmin>
			<xmax>112</xmax>
			<ymin>83</ymin>
			<ymax>146</ymax>
		</bndbox>
	</object>
	<object>
		<name>damaged_apple</name>
		<pose>Unspecified</pose>
		<truncated>0</truncated>
		<difficult>0</difficult>
		<occluded>0</occluded>
		<bndbox>
			<xmin>124</xmin>
			<xmax>195</xmax>
			<ymin>24</ymin>
			<ymax>79</ymax>
		</bndbox>
	</object>
</annotation>
