<annotation>
	<folder></folder>
	<filename>damaged_apple--250-_jpg.rf.bd3a945265451e82a8efa9787bbe8623.jpg</filename>
	<path>damaged_apple--250-_jpg.rf.bd3a945265451e82a8efa9787bbe8623.jpg</path>
	<source>
		<database>roboflow.ai</database>
	</source>
	<size>
		<width>275</width>
		<height>183</height>
		<depth>3</depth>
	</size>
	<segmented>0</segmented>
	<object>
		<name>damaged_apple</name>
		<pose>Unspecified</pose>
		<truncated>0</truncated>
		<difficult>0</difficult>
		<occluded>0</occluded>
		<bndbox>
			<xmin>29</xmin>
			<xmax>119</xmax>
			<ymin>27</ymin>
			<ymax>123</ymax>
		</bndbox>
	</object>
	<object>
		<name>damaged_apple</name>
		<pose>Unspecified</pose>
		<truncated>0</truncated>
		<difficult>0</difficult>
		<occluded>0</occluded>
		<bndbox>
			<xmin>110</xmin>
			<xmax>201</xmax>
			<ymin>63</ymin>
			<ymax>142</ymax>
		</bndbox>
	</object>
</annotation>
