<annotation>
	<folder></folder>
	<filename>damaged_apple--321-_jpg.rf.b02296313da57e2e3916e94cd2a98f43.jpg</filename>
	<path>damaged_apple--321-_jpg.rf.b02296313da57e2e3916e94cd2a98f43.jpg</path>
	<source>
		<database>roboflow.ai</database>
	</source>
	<size>
		<width>240</width>
		<height>210</height>
		<depth>3</depth>
	</size>
	<segmented>0</segmented>
	<object>
		<name>damaged_apple</name>
		<pose>Unspecified</pose>
		<truncated>0</truncated>
		<difficult>0</difficult>
		<occluded>0</occluded>
		<bndbox>
			<xmin>34</xmin>
			<xmax>106</xmax>
			<ymin>55</ymin>
			<ymax>118</ymax>
		</bndbox>
	</object>
</annotation>
