<annotation>
	<folder></folder>
	<filename>damaged_apple--232-_jpg.rf.734b5bdd0bcdf98922b817e652e7c277.jpg</filename>
	<path>damaged_apple--232-_jpg.rf.734b5bdd0bcdf98922b817e652e7c277.jpg</path>
	<source>
		<database>roboflow.ai</database>
	</source>
	<size>
		<width>260</width>
		<height>194</height>
		<depth>3</depth>
	</size>
	<segmented>0</segmented>
	<object>
		<name>damaged_apple</name>
		<pose>Unspecified</pose>
		<truncated>0</truncated>
		<difficult>0</difficult>
		<occluded>0</occluded>
		<bndbox>
			<xmin>10</xmin>
			<xmax>68</xmax>
			<ymin>50</ymin>
			<ymax>151</ymax>
		</bndbox>
	</object>
	<object>
		<name>damaged_apple</name>
		<pose>Unspecified</pose>
		<truncated>0</truncated>
		<difficult>0</difficult>
		<occluded>0</occluded>
		<bndbox>
			<xmin>66</xmin>
			<xmax>129</xmax>
			<ymin>44</ymin>
			<ymax>153</ymax>
		</bndbox>
	</object>
	<object>
		<name>damaged_apple</name>
		<pose>Unspecified</pose>
		<truncated>0</truncated>
		<difficult>0</difficult>
		<occluded>0</occluded>
		<bndbox>
			<xmin>131</xmin>
			<xmax>193</xmax>
			<ymin>60</ymin>
			<ymax>161</ymax>
		</bndbox>
	</object>
	<object>
		<name>damaged_apple</name>
		<pose>Unspecified</pose>
		<truncated>0</truncated>
		<difficult>0</difficult>
		<occluded>0</occluded>
		<bndbox>
			<xmin>195</xmin>
			<xmax>253</xmax>
			<ymin>53</ymin>
			<ymax>161</ymax>
		</bndbox>
	</object>
</annotation>
