<annotation>
	<folder></folder>
	<filename>damaged_apple--300-_jpg.rf.e7e8a8f5092c4d131fd6cc25db9f3178.jpg</filename>
	<path>damaged_apple--300-_jpg.rf.e7e8a8f5092c4d131fd6cc25db9f3178.jpg</path>
	<source>
		<database>roboflow.ai</database>
	</source>
	<size>
		<width>369</width>
		<height>136</height>
		<depth>3</depth>
	</size>
	<segmented>0</segmented>
	<object>
		<name>damaged_apple</name>
		<pose>Unspecified</pose>
		<truncated>0</truncated>
		<difficult>0</difficult>
		<occluded>0</occluded>
		<bndbox>
			<xmin>13</xmin>
			<xmax>119</xmax>
			<ymin>18</ymin>
			<ymax>127</ymax>
		</bndbox>
	</object>
	<object>
		<name>damaged_apple</name>
		<pose>Unspecified</pose>
		<truncated>0</truncated>
		<difficult>0</difficult>
		<occluded>0</occluded>
		<bndbox>
			<xmin>247</xmin>
			<xmax>355</xmax>
			<ymin>21</ymin>
			<ymax>129</ymax>
		</bndbox>
	</object>
</annotation>
