<annotation>
	<folder></folder>
	<filename>damaged_apple--248-_jpg.rf.2c13985f0a671090c1dbfb2ba5158469.jpg</filename>
	<path>damaged_apple--248-_jpg.rf.2c13985f0a671090c1dbfb2ba5158469.jpg</path>
	<source>
		<database>roboflow.ai</database>
	</source>
	<size>
		<width>313</width>
		<height>161</height>
		<depth>3</depth>
	</size>
	<segmented>0</segmented>
	<object>
		<name>damaged_apple</name>
		<pose>Unspecified</pose>
		<truncated>0</truncated>
		<difficult>0</difficult>
		<occluded>0</occluded>
		<bndbox>
			<xmin>16</xmin>
			<xmax>152</xmax>
			<ymin>17</ymin>
			<ymax>145</ymax>
		</bndbox>
	</object>
	<object>
		<name>damaged_apple</name>
		<pose>Unspecified</pose>
		<truncated>0</truncated>
		<difficult>0</difficult>
		<occluded>0</occluded>
		<bndbox>
			<xmin>157</xmin>
			<xmax>301</xmax>
			<ymin>17</ymin>
			<ymax>149</ymax>
		</bndbox>
	</object>
</annotation>
