<annotation>
	<folder></folder>
	<filename>damaged_apple--68-_jpg.rf.d27122ea908715ff5db048de30e26538.jpg</filename>
	<path>damaged_apple--68-_jpg.rf.d27122ea908715ff5db048de30e26538.jpg</path>
	<source>
		<database>roboflow.ai</database>
	</source>
	<size>
		<width>259</width>
		<height>194</height>
		<depth>3</depth>
	</size>
	<segmented>0</segmented>
	<object>
		<name>damaged_apple</name>
		<pose>Unspecified</pose>
		<truncated>0</truncated>
		<difficult>0</difficult>
		<occluded>0</occluded>
		<bndbox>
			<xmin>52</xmin>
			<xmax>223</xmax>
			<ymin>9</ymin>
			<ymax>182</ymax>
		</bndbox>
	</object>
</annotation>
