<annotation>
	<folder></folder>
	<filename>damaged_apple--157-_jpg.rf.aa0175f4eb98ecb020ccc661815d43e6.jpg</filename>
	<path>damaged_apple--157-_jpg.rf.aa0175f4eb98ecb020ccc661815d43e6.jpg</path>
	<source>
		<database>roboflow.ai</database>
	</source>
	<size>
		<width>203</width>
		<height>248</height>
		<depth>3</depth>
	</size>
	<segmented>0</segmented>
	<object>
		<name>damaged_apple</name>
		<pose>Unspecified</pose>
		<truncated>0</truncated>
		<difficult>0</difficult>
		<occluded>0</occluded>
		<bndbox>
			<xmin>16</xmin>
			<xmax>181</xmax>
			<ymin>48</ymin>
			<ymax>230</ymax>
		</bndbox>
	</object>
</annotation>
