<annotation>
	<folder></folder>
	<filename>damaged_apple--128-_jpg.rf.c9739ef1938d7aa102aa9d8a9a8feec8.jpg</filename>
	<path>damaged_apple--128-_jpg.rf.c9739ef1938d7aa102aa9d8a9a8feec8.jpg</path>
	<source>
		<database>roboflow.ai</database>
	</source>
	<size>
		<width>296</width>
		<height>171</height>
		<depth>3</depth>
	</size>
	<segmented>0</segmented>
	<object>
		<name>damaged_apple</name>
		<pose>Unspecified</pose>
		<truncated>0</truncated>
		<difficult>0</difficult>
		<occluded>0</occluded>
		<bndbox>
			<xmin>3</xmin>
			<xmax>148</xmax>
			<ymin>29</ymin>
			<ymax>170</ymax>
		</bndbox>
	</object>
</annotation>
