<annotation>
	<folder></folder>
	<filename>damaged_apple--6-_jpg.rf.549ea2ad342e908f2fc30499a67681fd.jpg</filename>
	<path>damaged_apple--6-_jpg.rf.549ea2ad342e908f2fc30499a67681fd.jpg</path>
	<source>
		<database>roboflow.ai</database>
	</source>
	<size>
		<width>300</width>
		<height>168</height>
		<depth>3</depth>
	</size>
	<segmented>0</segmented>
	<object>
		<name>damaged_apple</name>
		<pose>Unspecified</pose>
		<truncated>0</truncated>
		<difficult>0</difficult>
		<occluded>0</occluded>
		<bndbox>
			<xmin>7</xmin>
			<xmax>56</xmax>
			<ymin>103</ymin>
			<ymax>156</ymax>
		</bndbox>
	</object>
	<object>
		<name>damaged_apple</name>
		<pose>Unspecified</pose>
		<truncated>0</truncated>
		<difficult>0</difficult>
		<occluded>0</occluded>
		<bndbox>
			<xmin>180</xmin>
			<xmax>233</xmax>
			<ymin>98</ymin>
			<ymax>156</ymax>
		</bndbox>
	</object>
	<object>
		<name>damaged_apple</name>
		<pose>Unspecified</pose>
		<truncated>0</truncated>
		<difficult>0</difficult>
		<occluded>0</occluded>
		<bndbox>
			<xmin>249</xmin>
			<xmax>297</xmax>
			<ymin>13</ymin>
			<ymax>73</ymax>
		</bndbox>
	</object>
	<object>
		<name>damaged_apple</name>
		<pose>Unspecified</pose>
		<truncated>0</truncated>
		<difficult>0</difficult>
		<occluded>0</occluded>
		<bndbox>
			<xmin>237</xmin>
			<xmax>291</xmax>
			<ymin>103</ymin>
			<ymax>163</ymax>
		</bndbox>
	</object>
</annotation>
