<annotation>
	<folder></folder>
	<filename>damaged_apple--165-_jpg.rf.a8e759da2e44559d9e9f42333fc164d9.jpg</filename>
	<path>damaged_apple--165-_jpg.rf.a8e759da2e44559d9e9f42333fc164d9.jpg</path>
	<source>
		<database>roboflow.ai</database>
	</source>
	<size>
		<width>214</width>
		<height>119</height>
		<depth>3</depth>
	</size>
	<segmented>0</segmented>
	<object>
		<name>damaged_apple</name>
		<pose>Unspecified</pose>
		<truncated>0</truncated>
		<difficult>0</difficult>
		<occluded>0</occluded>
		<bndbox>
			<xmin>81</xmin>
			<xmax>175</xmax>
			<ymin>39</ymin>
			<ymax>116</ymax>
		</bndbox>
	</object>
	<object>
		<name>damaged_apple</name>
		<pose>Unspecified</pose>
		<truncated>0</truncated>
		<difficult>0</difficult>
		<occluded>0</occluded>
		<bndbox>
			<xmin>2</xmin>
			<xmax>71</xmax>
			<ymin>9</ymin>
			<ymax>76</ymax>
		</bndbox>
	</object>
</annotation>
