<annotation>
	<folder></folder>
	<filename>damaged_apple--311-_jpg.rf.d2694d7815a5252e61017e8379acc461.jpg</filename>
	<path>damaged_apple--311-_jpg.rf.d2694d7815a5252e61017e8379acc461.jpg</path>
	<source>
		<database>roboflow.ai</database>
	</source>
	<size>
		<width>262</width>
		<height>193</height>
		<depth>3</depth>
	</size>
	<segmented>0</segmented>
	<object>
		<name>damaged_apple</name>
		<pose>Unspecified</pose>
		<truncated>0</truncated>
		<difficult>0</difficult>
		<occluded>0</occluded>
		<bndbox>
			<xmin>61</xmin>
			<xmax>115</xmax>
			<ymin>47</ymin>
			<ymax>98</ymax>
		</bndbox>
	</object>
</annotation>
