<annotation>
	<folder></folder>
	<filename>damaged_apple--150-_jpg.rf.d4f20f1743aa5e01f19601d19570f55d.jpg</filename>
	<path>damaged_apple--150-_jpg.rf.d4f20f1743aa5e01f19601d19570f55d.jpg</path>
	<source>
		<database>roboflow.ai</database>
	</source>
	<size>
		<width>263</width>
		<height>192</height>
		<depth>3</depth>
	</size>
	<segmented>0</segmented>
	<object>
		<name>damaged_apple</name>
		<pose>Unspecified</pose>
		<truncated>0</truncated>
		<difficult>0</difficult>
		<occluded>0</occluded>
		<bndbox>
			<xmin>68</xmin>
			<xmax>206</xmax>
			<ymin>23</ymin>
			<ymax>161</ymax>
		</bndbox>
	</object>
</annotation>
