<annotation>
	<folder></folder>
	<filename>damaged_apple--273-_jpg.rf.aa72a256907da203af1ad9976afb6cde.jpg</filename>
	<path>damaged_apple--273-_jpg.rf.aa72a256907da203af1ad9976afb6cde.jpg</path>
	<source>
		<database>roboflow.ai</database>
	</source>
	<size>
		<width>228</width>
		<height>221</height>
		<depth>3</depth>
	</size>
	<segmented>0</segmented>
	<object>
		<name>damaged_apple</name>
		<pose>Unspecified</pose>
		<truncated>0</truncated>
		<difficult>0</difficult>
		<occluded>0</occluded>
		<bndbox>
			<xmin>53</xmin>
			<xmax>203</xmax>
			<ymin>57</ymin>
			<ymax>196</ymax>
		</bndbox>
	</object>
</annotation>
