<annotation>
	<folder></folder>
	<filename>damaged_apple--110-_jpg.rf.6d7f7754a2b1d6744de814fe269ebd6d.jpg</filename>
	<path>damaged_apple--110-_jpg.rf.6d7f7754a2b1d6744de814fe269ebd6d.jpg</path>
	<source>
		<database>roboflow.ai</database>
	</source>
	<size>
		<width>275</width>
		<height>183</height>
		<depth>3</depth>
	</size>
	<segmented>0</segmented>
	<object>
		<name>damaged_apple</name>
		<pose>Unspecified</pose>
		<truncated>0</truncated>
		<difficult>0</difficult>
		<occluded>0</occluded>
		<bndbox>
			<xmin>53</xmin>
			<xmax>237</xmax>
			<ymin>20</ymin>
			<ymax>176</ymax>
		</bndbox>
	</object>
</annotation>
