<annotation>
	<folder></folder>
	<filename>damaged_apple--180-_jpg.rf.b062ce2bf3435b46f4a7e4256d95cc20.jpg</filename>
	<path>damaged_apple--180-_jpg.rf.b062ce2bf3435b46f4a7e4256d95cc20.jpg</path>
	<source>
		<database>roboflow.ai</database>
	</source>
	<size>
		<width>225</width>
		<height>225</height>
		<depth>3</depth>
	</size>
	<segmented>0</segmented>
	<object>
		<name>damaged_apple</name>
		<pose>Unspecified</pose>
		<truncated>0</truncated>
		<difficult>0</difficult>
		<occluded>0</occluded>
		<bndbox>
			<xmin>20</xmin>
			<xmax>208</xmax>
			<ymin>27</ymin>
			<ymax>203</ymax>
		</bndbox>
	</object>
</annotation>
