<annotation>
	<folder></folder>
	<filename>damaged_apple--3-_jpg.rf.227e14782e1e64340dd075d3fd76fad2.jpg</filename>
	<path>damaged_apple--3-_jpg.rf.227e14782e1e64340dd075d3fd76fad2.jpg</path>
	<source>
		<database>roboflow.ai</database>
	</source>
	<size>
		<width>278</width>
		<height>181</height>
		<depth>3</depth>
	</size>
	<segmented>0</segmented>
	<object>
		<name>damaged_apple</name>
		<pose>Unspecified</pose>
		<truncated>0</truncated>
		<difficult>0</difficult>
		<occluded>0</occluded>
		<bndbox>
			<xmin>32</xmin>
			<xmax>257</xmax>
			<ymin>8</ymin>
			<ymax>178</ymax>
		</bndbox>
	</object>
</annotation>
