<annotation>
	<folder></folder>
	<filename>damaged_apple--288-_jpg.rf.5b0fdc1d4ca62040590a7e07b721c9f1.jpg</filename>
	<path>damaged_apple--288-_jpg.rf.5b0fdc1d4ca62040590a7e07b721c9f1.jpg</path>
	<source>
		<database>roboflow.ai</database>
	</source>
	<size>
		<width>275</width>
		<height>183</height>
		<depth>3</depth>
	</size>
	<segmented>0</segmented>
	<object>
		<name>damaged_apple</name>
		<pose>Unspecified</pose>
		<truncated>0</truncated>
		<difficult>0</difficult>
		<occluded>0</occluded>
		<bndbox>
			<xmin>136</xmin>
			<xmax>222</xmax>
			<ymin>69</ymin>
			<ymax>152</ymax>
		</bndbox>
	</object>
</annotation>
