<annotation>
	<folder></folder>
	<filename>damaged_apple--275-_jpg.rf.3efb302b840f4adb41d20cc466a25b6a.jpg</filename>
	<path>damaged_apple--275-_jpg.rf.3efb302b840f4adb41d20cc466a25b6a.jpg</path>
	<source>
		<database>roboflow.ai</database>
	</source>
	<size>
		<width>275</width>
		<height>183</height>
		<depth>3</depth>
	</size>
	<segmented>0</segmented>
	<object>
		<name>damaged_apple</name>
		<pose>Unspecified</pose>
		<truncated>0</truncated>
		<difficult>0</difficult>
		<occluded>0</occluded>
		<bndbox>
			<xmin>134</xmin>
			<xmax>245</xmax>
			<ymin>69</ymin>
			<ymax>164</ymax>
		</bndbox>
	</object>
</annotation>
