<annotation>
	<folder></folder>
	<filename>damaged_apple--286-_jpg.rf.0aeeb39586540be497453606139e37cf.jpg</filename>
	<path>damaged_apple--286-_jpg.rf.0aeeb39586540be497453606139e37cf.jpg</path>
	<source>
		<database>roboflow.ai</database>
	</source>
	<size>
		<width>182</width>
		<height>276</height>
		<depth>3</depth>
	</size>
	<segmented>0</segmented>
	<object>
		<name>damaged_apple</name>
		<pose>Unspecified</pose>
		<truncated>0</truncated>
		<difficult>0</difficult>
		<occluded>0</occluded>
		<bndbox>
			<xmin>3</xmin>
			<xmax>162</xmax>
			<ymin>27</ymin>
			<ymax>187</ymax>
		</bndbox>
	</object>
	<object>
		<name>damaged_apple</name>
		<pose>Unspecified</pose>
		<truncated>0</truncated>
		<difficult>0</difficult>
		<occluded>0</occluded>
		<bndbox>
			<xmin>29</xmin>
			<xmax>180</xmax>
			<ymin>161</ymin>
			<ymax>274</ymax>
		</bndbox>
	</object>
</annotation>
