<annotation>
	<folder></folder>
	<filename>damaged_apple--129-_jpg.rf.e9de14987f1ffd5fe952aaca3facceca.jpg</filename>
	<path>damaged_apple--129-_jpg.rf.e9de14987f1ffd5fe952aaca3facceca.jpg</path>
	<source>
		<database>roboflow.ai</database>
	</source>
	<size>
		<width>259</width>
		<height>194</height>
		<depth>3</depth>
	</size>
	<segmented>0</segmented>
	<object>
		<name>damaged_apple</name>
		<pose>Unspecified</pose>
		<truncated>0</truncated>
		<difficult>0</difficult>
		<occluded>0</occluded>
		<bndbox>
			<xmin>24</xmin>
			<xmax>157</xmax>
			<ymin>33</ymin>
			<ymax>160</ymax>
		</bndbox>
	</object>
</annotation>
