<annotation>
	<folder></folder>
	<filename>damaged_apple--155-_jpg.rf.b89d90a510b89d05c4cca94ab500d6bb.jpg</filename>
	<path>damaged_apple--155-_jpg.rf.b89d90a510b89d05c4cca94ab500d6bb.jpg</path>
	<source>
		<database>roboflow.ai</database>
	</source>
	<size>
		<width>275</width>
		<height>183</height>
		<depth>3</depth>
	</size>
	<segmented>0</segmented>
	<object>
		<name>damaged_apple</name>
		<pose>Unspecified</pose>
		<truncated>0</truncated>
		<difficult>0</difficult>
		<occluded>0</occluded>
		<bndbox>
			<xmin>138</xmin>
			<xmax>225</xmax>
			<ymin>46</ymin>
			<ymax>130</ymax>
		</bndbox>
	</object>
</annotation>
