<annotation>
	<folder></folder>
	<filename>damaged_apple--207-_jpg.rf.67f98510f74e823beadc5506ba0e6bb0.jpg</filename>
	<path>damaged_apple--207-_jpg.rf.67f98510f74e823beadc5506ba0e6bb0.jpg</path>
	<source>
		<database>roboflow.ai</database>
	</source>
	<size>
		<width>300</width>
		<height>168</height>
		<depth>3</depth>
	</size>
	<segmented>0</segmented>
	<object>
		<name>damaged_apple</name>
		<pose>Unspecified</pose>
		<truncated>0</truncated>
		<difficult>0</difficult>
		<occluded>0</occluded>
		<bndbox>
			<xmin>24</xmin>
			<xmax>158</xmax>
			<ymin>48</ymin>
			<ymax>161</ymax>
		</bndbox>
	</object>
	<object>
		<name>damaged_apple</name>
		<pose>Unspecified</pose>
		<truncated>0</truncated>
		<difficult>0</difficult>
		<occluded>0</occluded>
		<bndbox>
			<xmin>161</xmin>
			<xmax>295</xmax>
			<ymin>37</ymin>
			<ymax>148</ymax>
		</bndbox>
	</object>
</annotation>
