<annotation>
	<folder></folder>
	<filename>damaged_apple--69-_jpg.rf.63f84ae3b70261f9ec5d8b9f4a095640.jpg</filename>
	<path>damaged_apple--69-_jpg.rf.63f84ae3b70261f9ec5d8b9f4a095640.jpg</path>
	<source>
		<database>roboflow.ai</database>
	</source>
	<size>
		<width>251</width>
		<height>201</height>
		<depth>3</depth>
	</size>
	<segmented>0</segmented>
	<object>
		<name>damaged_apple</name>
		<pose>Unspecified</pose>
		<truncated>0</truncated>
		<difficult>0</difficult>
		<occluded>0</occluded>
		<bndbox>
			<xmin>52</xmin>
			<xmax>187</xmax>
			<ymin>55</ymin>
			<ymax>178</ymax>
		</bndbox>
	</object>
</annotation>
