<annotation>
	<folder></folder>
	<filename>damaged_apple--334-_jpg.rf.1f3eef186998f4cc65a1b1fccb4cc4e1.jpg</filename>
	<path>damaged_apple--334-_jpg.rf.1f3eef186998f4cc65a1b1fccb4cc4e1.jpg</path>
	<source>
		<database>roboflow.ai</database>
	</source>
	<size>
		<width>276</width>
		<height>182</height>
		<depth>3</depth>
	</size>
	<segmented>0</segmented>
	<object>
		<name>damaged_apple</name>
		<pose>Unspecified</pose>
		<truncated>0</truncated>
		<difficult>0</difficult>
		<occluded>0</occluded>
		<bndbox>
			<xmin>69</xmin>
			<xmax>213</xmax>
			<ymin>44</ymin>
			<ymax>168</ymax>
		</bndbox>
	</object>
</annotation>
