<annotation>
	<folder></folder>
	<filename>damaged_apple--162-_jpg.rf.d77e2f40406efc6de2dc130addd1e004.jpg</filename>
	<path>damaged_apple--162-_jpg.rf.d77e2f40406efc6de2dc130addd1e004.jpg</path>
	<source>
		<database>roboflow.ai</database>
	</source>
	<size>
		<width>260</width>
		<height>194</height>
		<depth>3</depth>
	</size>
	<segmented>0</segmented>
	<object>
		<name>damaged_apple</name>
		<pose>Unspecified</pose>
		<truncated>0</truncated>
		<difficult>0</difficult>
		<occluded>0</occluded>
		<bndbox>
			<xmin>19</xmin>
			<xmax>135</xmax>
			<ymin>17</ymin>
			<ymax>131</ymax>
		</bndbox>
	</object>
</annotation>
