<annotation>
	<folder></folder>
	<filename>damaged_apple--303-_jpg.rf.d249d3326e7f3bd80eec2f3ccbbba7e1.jpg</filename>
	<path>damaged_apple--303-_jpg.rf.d249d3326e7f3bd80eec2f3ccbbba7e1.jpg</path>
	<source>
		<database>roboflow.ai</database>
	</source>
	<size>
		<width>275</width>
		<height>183</height>
		<depth>3</depth>
	</size>
	<segmented>0</segmented>
	<object>
		<name>damaged_apple</name>
		<pose>Unspecified</pose>
		<truncated>0</truncated>
		<difficult>0</difficult>
		<occluded>0</occluded>
		<bndbox>
			<xmin>66</xmin>
			<xmax>241</xmax>
			<ymin>41</ymin>
			<ymax>177</ymax>
		</bndbox>
	</object>
</annotation>
