<annotation>
	<folder></folder>
	<filename>damaged_apple--231-_jpg.rf.425a4a261868e8d0443230e3730c11d6.jpg</filename>
	<path>damaged_apple--231-_jpg.rf.425a4a261868e8d0443230e3730c11d6.jpg</path>
	<source>
		<database>roboflow.ai</database>
	</source>
	<size>
		<width>276</width>
		<height>183</height>
		<depth>3</depth>
	</size>
	<segmented>0</segmented>
	<object>
		<name>damaged_apple</name>
		<pose>Unspecified</pose>
		<truncated>0</truncated>
		<difficult>0</difficult>
		<occluded>0</occluded>
		<bndbox>
			<xmin>100</xmin>
			<xmax>178</xmax>
			<ymin>60</ymin>
			<ymax>141</ymax>
		</bndbox>
	</object>
	<object>
		<name>damaged_apple</name>
		<pose>Unspecified</pose>
		<truncated>0</truncated>
		<difficult>0</difficult>
		<occluded>0</occluded>
		<bndbox>
			<xmin>184</xmin>
			<xmax>266</xmax>
			<ymin>63</ymin>
			<ymax>144</ymax>
		</bndbox>
	</object>
</annotation>
