<annotation>
	<folder></folder>
	<filename>damaged_apple--342-_jpg.rf.158b0f9f95d37467a8c38c5dcf595ed9.jpg</filename>
	<path>damaged_apple--342-_jpg.rf.158b0f9f95d37467a8c38c5dcf595ed9.jpg</path>
	<source>
		<database>roboflow.ai</database>
	</source>
	<size>
		<width>275</width>
		<height>183</height>
		<depth>3</depth>
	</size>
	<segmented>0</segmented>
	<object>
		<name>damaged_apple</name>
		<pose>Unspecified</pose>
		<truncated>0</truncated>
		<difficult>0</difficult>
		<occluded>0</occluded>
		<bndbox>
			<xmin>3</xmin>
			<xmax>91</xmax>
			<ymin>59</ymin>
			<ymax>151</ymax>
		</bndbox>
	</object>
	<object>
		<name>damaged_apple</name>
		<pose>Unspecified</pose>
		<truncated>0</truncated>
		<difficult>0</difficult>
		<occluded>0</occluded>
		<bndbox>
			<xmin>84</xmin>
			<xmax>172</xmax>
			<ymin>25</ymin>
			<ymax>109</ymax>
		</bndbox>
	</object>
</annotation>
