<annotation>
	<folder></folder>
	<filename>damaged_apple--271-_jpg.rf.bfe18f6897ea4360146d8ff9d54b472f.jpg</filename>
	<path>damaged_apple--271-_jpg.rf.bfe18f6897ea4360146d8ff9d54b472f.jpg</path>
	<source>
		<database>roboflow.ai</database>
	</source>
	<size>
		<width>260</width>
		<height>194</height>
		<depth>3</depth>
	</size>
	<segmented>0</segmented>
	<object>
		<name>damaged_apple</name>
		<pose>Unspecified</pose>
		<truncated>0</truncated>
		<difficult>0</difficult>
		<occluded>0</occluded>
		<bndbox>
			<xmin>141</xmin>
			<xmax>208</xmax>
			<ymin>36</ymin>
			<ymax>92</ymax>
		</bndbox>
	</object>
</annotation>
