<annotation>
	<folder></folder>
	<filename>damaged_apple--246-_jpg.rf.46df24892dcc8763fef2011d370e7ebf.jpg</filename>
	<path>damaged_apple--246-_jpg.rf.46df24892dcc8763fef2011d370e7ebf.jpg</path>
	<source>
		<database>roboflow.ai</database>
	</source>
	<size>
		<width>275</width>
		<height>183</height>
		<depth>3</depth>
	</size>
	<segmented>0</segmented>
	<object>
		<name>damaged_apple</name>
		<pose>Unspecified</pose>
		<truncated>0</truncated>
		<difficult>0</difficult>
		<occluded>0</occluded>
		<bndbox>
			<xmin>108</xmin>
			<xmax>197</xmax>
			<ymin>66</ymin>
			<ymax>154</ymax>
		</bndbox>
	</object>
</annotation>
