<annotation>
	<folder></folder>
	<filename>damaged_apple--189-_jpg.rf.0efede56688a98483390b00631abcc09.jpg</filename>
	<path>damaged_apple--189-_jpg.rf.0efede56688a98483390b00631abcc09.jpg</path>
	<source>
		<database>roboflow.ai</database>
	</source>
	<size>
		<width>260</width>
		<height>194</height>
		<depth>3</depth>
	</size>
	<segmented>0</segmented>
	<object>
		<name>damaged_apple</name>
		<pose>Unspecified</pose>
		<truncated>0</truncated>
		<difficult>0</difficult>
		<occluded>0</occluded>
		<bndbox>
			<xmin>38</xmin>
			<xmax>147</xmax>
			<ymin>55</ymin>
			<ymax>149</ymax>
		</bndbox>
	</object>
</annotation>
