<annotation>
	<folder></folder>
	<filename>damaged_apple--244-_jpg.rf.bcd11997925c9e304f0973fbfe841964.jpg</filename>
	<path>damaged_apple--244-_jpg.rf.bcd11997925c9e304f0973fbfe841964.jpg</path>
	<source>
		<database>roboflow.ai</database>
	</source>
	<size>
		<width>299</width>
		<height>168</height>
		<depth>3</depth>
	</size>
	<segmented>0</segmented>
	<object>
		<name>damaged_apple</name>
		<pose>Unspecified</pose>
		<truncated>0</truncated>
		<difficult>0</difficult>
		<occluded>0</occluded>
		<bndbox>
			<xmin>48</xmin>
			<xmax>125</xmax>
			<ymin>80</ymin>
			<ymax>143</ymax>
		</bndbox>
	</object>
	<object>
		<name>damaged_apple</name>
		<pose>Unspecified</pose>
		<truncated>0</truncated>
		<difficult>0</difficult>
		<occluded>0</occluded>
		<bndbox>
			<xmin>115</xmin>
			<xmax>182</xmax>
			<ymin>63</ymin>
			<ymax>126</ymax>
		</bndbox>
	</object>
	<object>
		<name>damaged_apple</name>
		<pose>Unspecified</pose>
		<truncated>0</truncated>
		<difficult>0</difficult>
		<occluded>0</occluded>
		<bndbox>
			<xmin>169</xmin>
			<xmax>233</xmax>
			<ymin>8</ymin>
			<ymax>65</ymax>
		</bndbox>
	</object>
	<object>
		<name>damaged_apple</name>
		<pose>Unspecified</pose>
		<truncated>0</truncated>
		<difficult>0</difficult>
		<occluded>0</occluded>
		<bndbox>
			<xmin>126</xmin>
			<xmax>189</xmax>
			<ymin>123</ymin>
			<ymax>166</ymax>
		</bndbox>
	</object>
</annotation>
