<annotation>
	<folder></folder>
	<filename>damaged_apple--100-_jpg.rf.75ce4ef8018e355d2ee14572c255cb9c.jpg</filename>
	<path>damaged_apple--100-_jpg.rf.75ce4ef8018e355d2ee14572c255cb9c.jpg</path>
	<source>
		<database>roboflow.ai</database>
	</source>
	<size>
		<width>259</width>
		<height>194</height>
		<depth>3</depth>
	</size>
	<segmented>0</segmented>
	<object>
		<name>damaged_apple</name>
		<pose>Unspecified</pose>
		<truncated>0</truncated>
		<difficult>0</difficult>
		<occluded>0</occluded>
		<bndbox>
			<xmin>80</xmin>
			<xmax>226</xmax>
			<ymin>57</ymin>
			<ymax>189</ymax>
		</bndbox>
	</object>
</annotation>
