<annotation>
	<folder></folder>
	<filename>damaged_apple--53-_jpg.rf.f891fc3afe2a27fb3140da6be87d082d.jpg</filename>
	<path>damaged_apple--53-_jpg.rf.f891fc3afe2a27fb3140da6be87d082d.jpg</path>
	<source>
		<database>roboflow.ai</database>
	</source>
	<size>
		<width>301</width>
		<height>168</height>
		<depth>3</depth>
	</size>
	<segmented>0</segmented>
	<object>
		<name>damaged_apple</name>
		<pose>Unspecified</pose>
		<truncated>0</truncated>
		<difficult>0</difficult>
		<occluded>0</occluded>
		<bndbox>
			<xmin>55</xmin>
			<xmax>122</xmax>
			<ymin>62</ymin>
			<ymax>119</ymax>
		</bndbox>
	</object>
	<object>
		<name>damaged_apple</name>
		<pose>Unspecified</pose>
		<truncated>0</truncated>
		<difficult>0</difficult>
		<occluded>0</occluded>
		<bndbox>
			<xmin>94</xmin>
			<xmax>156</xmax>
			<ymin>38</ymin>
			<ymax>93</ymax>
		</bndbox>
	</object>
	<object>
		<name>damaged_apple</name>
		<pose>Unspecified</pose>
		<truncated>0</truncated>
		<difficult>0</difficult>
		<occluded>0</occluded>
		<bndbox>
			<xmin>203</xmin>
			<xmax>272</xmax>
			<ymin>88</ymin>
			<ymax>145</ymax>
		</bndbox>
	</object>
	<object>
		<name>damaged_apple</name>
		<pose>Unspecified</pose>
		<truncated>0</truncated>
		<difficult>0</difficult>
		<occluded>0</occluded>
		<bndbox>
			<xmin>145</xmin>
			<xmax>206</xmax>
			<ymin>50</ymin>
			<ymax>97</ymax>
		</bndbox>
	</object>
</annotation>
