<annotation>
	<folder></folder>
	<filename>damaged_apple--227-_jpg.rf.6ee79ac5ea4628e6b1fc4dc87f8cfe10.jpg</filename>
	<path>damaged_apple--227-_jpg.rf.6ee79ac5ea4628e6b1fc4dc87f8cfe10.jpg</path>
	<source>
		<database>roboflow.ai</database>
	</source>
	<size>
		<width>318</width>
		<height>159</height>
		<depth>3</depth>
	</size>
	<segmented>0</segmented>
	<object>
		<name>damaged_apple</name>
		<pose>Unspecified</pose>
		<truncated>0</truncated>
		<difficult>0</difficult>
		<occluded>0</occluded>
		<bndbox>
			<xmin>48</xmin>
			<xmax>270</xmax>
			<ymin>1</ymin>
			<ymax>148</ymax>
		</bndbox>
	</object>
</annotation>
