<annotation>
	<folder></folder>
	<filename>damaged_apple--177-_jpg.rf.7efd90cd87a7fd17287ad828a1448615.jpg</filename>
	<path>damaged_apple--177-_jpg.rf.7efd90cd87a7fd17287ad828a1448615.jpg</path>
	<source>
		<database>roboflow.ai</database>
	</source>
	<size>
		<width>302</width>
		<height>167</height>
		<depth>3</depth>
	</size>
	<segmented>0</segmented>
	<object>
		<name>damaged_apple</name>
		<pose>Unspecified</pose>
		<truncated>0</truncated>
		<difficult>0</difficult>
		<occluded>0</occluded>
		<bndbox>
			<xmin>12</xmin>
			<xmax>100</xmax>
			<ymin>44</ymin>
			<ymax>141</ymax>
		</bndbox>
	</object>
	<object>
		<name>damaged_apple</name>
		<pose>Unspecified</pose>
		<truncated>0</truncated>
		<difficult>0</difficult>
		<occluded>0</occluded>
		<bndbox>
			<xmin>180</xmin>
			<xmax>274</xmax>
			<ymin>64</ymin>
			<ymax>155</ymax>
		</bndbox>
	</object>
	<object>
		<name>damaged_apple</name>
		<pose>Unspecified</pose>
		<truncated>0</truncated>
		<difficult>0</difficult>
		<occluded>0</occluded>
		<bndbox>
			<xmin>194</xmin>
			<xmax>300</xmax>
			<ymin>26</ymin>
			<ymax>120</ymax>
		</bndbox>
	</object>
</annotation>
