<annotation>
	<folder></folder>
	<filename>damaged_apple--14-_jpg.rf.894b630278306fb9774090a2f935dbc5.jpg</filename>
	<path>damaged_apple--14-_jpg.rf.894b630278306fb9774090a2f935dbc5.jpg</path>
	<source>
		<database>roboflow.ai</database>
	</source>
	<size>
		<width>266</width>
		<height>189</height>
		<depth>3</depth>
	</size>
	<segmented>0</segmented>
	<object>
		<name>damaged_apple</name>
		<pose>Unspecified</pose>
		<truncated>0</truncated>
		<difficult>0</difficult>
		<occluded>0</occluded>
		<bndbox>
			<xmin>63</xmin>
			<xmax>177</xmax>
			<ymin>48</ymin>
			<ymax>149</ymax>
		</bndbox>
	</object>
</annotation>
