<annotation>
	<folder></folder>
	<filename>damaged_apple--198-_jpg.rf.e74175393f0ae590e37fb0e9148be193.jpg</filename>
	<path>damaged_apple--198-_jpg.rf.e74175393f0ae590e37fb0e9148be193.jpg</path>
	<source>
		<database>roboflow.ai</database>
	</source>
	<size>
		<width>259</width>
		<height>194</height>
		<depth>3</depth>
	</size>
	<segmented>0</segmented>
	<object>
		<name>damaged_apple</name>
		<pose>Unspecified</pose>
		<truncated>0</truncated>
		<difficult>0</difficult>
		<occluded>0</occluded>
		<bndbox>
			<xmin>67</xmin>
			<xmax>156</xmax>
			<ymin>14</ymin>
			<ymax>100</ymax>
		</bndbox>
	</object>
	<object>
		<name>damaged_apple</name>
		<pose>Unspecified</pose>
		<truncated>0</truncated>
		<difficult>0</difficult>
		<occluded>0</occluded>
		<bndbox>
			<xmin>156</xmin>
			<xmax>231</xmax>
			<ymin>37</ymin>
			<ymax>110</ymax>
		</bndbox>
	</object>
</annotation>
