<annotation>
	<folder></folder>
	<filename>damaged_apple--297-_jpg.rf.18b62a8bff3b33cc962f9bc811057a98.jpg</filename>
	<path>damaged_apple--297-_jpg.rf.18b62a8bff3b33cc962f9bc811057a98.jpg</path>
	<source>
		<database>roboflow.ai</database>
	</source>
	<size>
		<width>263</width>
		<height>191</height>
		<depth>3</depth>
	</size>
	<segmented>0</segmented>
	<object>
		<name>damaged_apple</name>
		<pose>Unspecified</pose>
		<truncated>0</truncated>
		<difficult>0</difficult>
		<occluded>0</occluded>
		<bndbox>
			<xmin>74</xmin>
			<xmax>202</xmax>
			<ymin>38</ymin>
			<ymax>159</ymax>
		</bndbox>
	</object>
</annotation>
