<annotation>
	<folder></folder>
	<filename>damaged_apple--324-_jpg.rf.c250a518e65ec044239c7a221cf61997.jpg</filename>
	<path>damaged_apple--324-_jpg.rf.c250a518e65ec044239c7a221cf61997.jpg</path>
	<source>
		<database>roboflow.ai</database>
	</source>
	<size>
		<width>302</width>
		<height>167</height>
		<depth>3</depth>
	</size>
	<segmented>0</segmented>
	<object>
		<name>damaged_apple</name>
		<pose>Unspecified</pose>
		<truncated>0</truncated>
		<difficult>0</difficult>
		<occluded>0</occluded>
		<bndbox>
			<xmin>63</xmin>
			<xmax>142</xmax>
			<ymin>29</ymin>
			<ymax>97</ymax>
		</bndbox>
	</object>
	<object>
		<name>damaged_apple</name>
		<pose>Unspecified</pose>
		<truncated>0</truncated>
		<difficult>0</difficult>
		<occluded>0</occluded>
		<bndbox>
			<xmin>101</xmin>
			<xmax>179</xmax>
			<ymin>80</ymin>
			<ymax>140</ymax>
		</bndbox>
	</object>
	<object>
		<name>damaged_apple</name>
		<pose>Unspecified</pose>
		<truncated>0</truncated>
		<difficult>0</difficult>
		<occluded>0</occluded>
		<bndbox>
			<xmin>115</xmin>
			<xmax>192</xmax>
			<ymin>15</ymin>
			<ymax>88</ymax>
		</bndbox>
	</object>
</annotation>
