<annotation>
	<folder></folder>
	<filename>damaged_apple--341-_jpg.rf.c3a11da393f7330258d3653a3d99c56f.jpg</filename>
	<path>damaged_apple--341-_jpg.rf.c3a11da393f7330258d3653a3d99c56f.jpg</path>
	<source>
		<database>roboflow.ai</database>
	</source>
	<size>
		<width>275</width>
		<height>183</height>
		<depth>3</depth>
	</size>
	<segmented>0</segmented>
	<object>
		<name>damaged_apple</name>
		<pose>Unspecified</pose>
		<truncated>0</truncated>
		<difficult>0</difficult>
		<occluded>0</occluded>
		<bndbox>
			<xmin>48</xmin>
			<xmax>116</xmax>
			<ymin>17</ymin>
			<ymax>79</ymax>
		</bndbox>
	</object>
	<object>
		<name>damaged_apple</name>
		<pose>Unspecified</pose>
		<truncated>0</truncated>
		<difficult>0</difficult>
		<occluded>0</occluded>
		<bndbox>
			<xmin>73</xmin>
			<xmax>157</xmax>
			<ymin>70</ymin>
			<ymax>147</ymax>
		</bndbox>
	</object>
	<object>
		<name>damaged_apple</name>
		<pose>Unspecified</pose>
		<truncated>0</truncated>
		<difficult>0</difficult>
		<occluded>0</occluded>
		<bndbox>
			<xmin>131</xmin>
			<xmax>217</xmax>
			<ymin>20</ymin>
			<ymax>87</ymax>
		</bndbox>
	</object>
</annotation>
