<annotation>
	<folder></folder>
	<filename>damaged_apple--301-_jpg.rf.0f851fc5697f7ab5e2fc9658cc1b46b7.jpg</filename>
	<path>damaged_apple--301-_jpg.rf.0f851fc5697f7ab5e2fc9658cc1b46b7.jpg</path>
	<source>
		<database>roboflow.ai</database>
	</source>
	<size>
		<width>266</width>
		<height>189</height>
		<depth>3</depth>
	</size>
	<segmented>0</segmented>
	<object>
		<name>damaged_apple</name>
		<pose>Unspecified</pose>
		<truncated>0</truncated>
		<difficult>0</difficult>
		<occluded>0</occluded>
		<bndbox>
			<xmin>53</xmin>
			<xmax>154</xmax>
			<ymin>47</ymin>
			<ymax>154</ymax>
		</bndbox>
	</object>
	<object>
		<name>damaged_apple</name>
		<pose>Unspecified</pose>
		<truncated>0</truncated>
		<difficult>0</difficult>
		<occluded>0</occluded>
		<bndbox>
			<xmin>114</xmin>
			<xmax>220</xmax>
			<ymin>40</ymin>
			<ymax>150</ymax>
		</bndbox>
	</object>
</annotation>
