<annotation>
	<folder></folder>
	<filename>damaged_apple--262-_jpg.rf.a8d697f4053f7ece626a9531cba86c74.jpg</filename>
	<path>damaged_apple--262-_jpg.rf.a8d697f4053f7ece626a9531cba86c74.jpg</path>
	<source>
		<database>roboflow.ai</database>
	</source>
	<size>
		<width>260</width>
		<height>194</height>
		<depth>3</depth>
	</size>
	<segmented>0</segmented>
	<object>
		<name>damaged_apple</name>
		<pose>Unspecified</pose>
		<truncated>0</truncated>
		<difficult>0</difficult>
		<occluded>0</occluded>
		<bndbox>
			<xmin>28</xmin>
			<xmax>114</xmax>
			<ymin>20</ymin>
			<ymax>101</ymax>
		</bndbox>
	</object>
	<object>
		<name>damaged_apple</name>
		<pose>Unspecified</pose>
		<truncated>0</truncated>
		<difficult>0</difficult>
		<occluded>0</occluded>
		<bndbox>
			<xmin>111</xmin>
			<xmax>172</xmax>
			<ymin>19</ymin>
			<ymax>73</ymax>
		</bndbox>
	</object>
	<object>
		<name>damaged_apple</name>
		<pose>Unspecified</pose>
		<truncated>0</truncated>
		<difficult>0</difficult>
		<occluded>0</occluded>
		<bndbox>
			<xmin>160</xmin>
			<xmax>230</xmax>
			<ymin>86</ymin>
			<ymax>152</ymax>
		</bndbox>
	</object>
</annotation>
