<annotation>
	<folder></folder>
	<filename>damaged_apple--277-_jpg.rf.d5c31cc90ac5170e5658033bda5e81bd.jpg</filename>
	<path>damaged_apple--277-_jpg.rf.d5c31cc90ac5170e5658033bda5e81bd.jpg</path>
	<source>
		<database>roboflow.ai</database>
	</source>
	<size>
		<width>256</width>
		<height>197</height>
		<depth>3</depth>
	</size>
	<segmented>0</segmented>
	<object>
		<name>damaged_apple</name>
		<pose>Unspecified</pose>
		<truncated>0</truncated>
		<difficult>0</difficult>
		<occluded>0</occluded>
		<bndbox>
			<xmin>36</xmin>
			<xmax>217</xmax>
			<ymin>23</ymin>
			<ymax>178</ymax>
		</bndbox>
	</object>
</annotation>
