<annotation>
	<folder></folder>
	<filename>damaged_apple--188-_jpg.rf.5b18f37abd735d665c402c461f7021a5.jpg</filename>
	<path>damaged_apple--188-_jpg.rf.5b18f37abd735d665c402c461f7021a5.jpg</path>
	<source>
		<database>roboflow.ai</database>
	</source>
	<size>
		<width>275</width>
		<height>183</height>
		<depth>3</depth>
	</size>
	<segmented>0</segmented>
	<object>
		<name>damaged_apple</name>
		<pose>Unspecified</pose>
		<truncated>0</truncated>
		<difficult>0</difficult>
		<occluded>0</occluded>
		<bndbox>
			<xmin>133</xmin>
			<xmax>230</xmax>
			<ymin>76</ymin>
			<ymax>158</ymax>
		</bndbox>
	</object>
</annotation>
