<annotation>
	<folder></folder>
	<filename>damaged_apple--182-_jpg.rf.c74e262ede2c557038eb293f98ec6c65.jpg</filename>
	<path>damaged_apple--182-_jpg.rf.c74e262ede2c557038eb293f98ec6c65.jpg</path>
	<source>
		<database>roboflow.ai</database>
	</source>
	<size>
		<width>267</width>
		<height>189</height>
		<depth>3</depth>
	</size>
	<segmented>0</segmented>
	<object>
		<name>damaged_apple</name>
		<pose>Unspecified</pose>
		<truncated>0</truncated>
		<difficult>0</difficult>
		<occluded>0</occluded>
		<bndbox>
			<xmin>72</xmin>
			<xmax>205</xmax>
			<ymin>37</ymin>
			<ymax>153</ymax>
		</bndbox>
	</object>
</annotation>
