<annotation>
	<folder></folder>
	<filename>damaged_apple--44-_jpg.rf.006e9fac01be94e6bbf9bb6111896b9d.jpg</filename>
	<path>damaged_apple--44-_jpg.rf.006e9fac01be94e6bbf9bb6111896b9d.jpg</path>
	<source>
		<database>roboflow.ai</database>
	</source>
	<size>
		<width>262</width>
		<height>192</height>
		<depth>3</depth>
	</size>
	<segmented>0</segmented>
	<object>
		<name>damaged_apple</name>
		<pose>Unspecified</pose>
		<truncated>0</truncated>
		<difficult>0</difficult>
		<occluded>0</occluded>
		<bndbox>
			<xmin>50</xmin>
			<xmax>143</xmax>
			<ymin>12</ymin>
			<ymax>90</ymax>
		</bndbox>
	</object>
	<object>
		<name>damaged_apple</name>
		<pose>Unspecified</pose>
		<truncated>0</truncated>
		<difficult>0</difficult>
		<occluded>0</occluded>
		<bndbox>
			<xmin>65</xmin>
			<xmax>143</xmax>
			<ymin>88</ymin>
			<ymax>147</ymax>
		</bndbox>
	</object>
	<object>
		<name>damaged_apple</name>
		<pose>Unspecified</pose>
		<truncated>0</truncated>
		<difficult>0</difficult>
		<occluded>0</occluded>
		<bndbox>
			<xmin>147</xmin>
			<xmax>226</xmax>
			<ymin>84</ymin>
			<ymax>148</ymax>
		</bndbox>
	</object>
	<object>
		<name>damaged_apple</name>
		<pose>Unspecified</pose>
		<truncated>0</truncated>
		<difficult>0</difficult>
		<occluded>0</occluded>
		<bndbox>
			<xmin>141</xmin>
			<xmax>225</xmax>
			<ymin>7</ymin>
			<ymax>64</ymax>
		</bndbox>
	</object>
</annotation>
