<annotation>
	<folder></folder>
	<filename>damaged_apple--344-_jpg.rf.7a0da40b305960e82b886effab182299.jpg</filename>
	<path>damaged_apple--344-_jpg.rf.7a0da40b305960e82b886effab182299.jpg</path>
	<source>
		<database>roboflow.ai</database>
	</source>
	<size>
		<width>251</width>
		<height>201</height>
		<depth>3</depth>
	</size>
	<segmented>0</segmented>
	<object>
		<name>damaged_apple</name>
		<pose>Unspecified</pose>
		<truncated>0</truncated>
		<difficult>0</difficult>
		<occluded>0</occluded>
		<bndbox>
			<xmin>41</xmin>
			<xmax>197</xmax>
			<ymin>31</ymin>
			<ymax>176</ymax>
		</bndbox>
	</object>
</annotation>
