<annotation>
	<folder></folder>
	<filename>damaged_apple--339-_jpg.rf.f4ee17c557e1a1c304fe2bf96313ec99.jpg</filename>
	<path>damaged_apple--339-_jpg.rf.f4ee17c557e1a1c304fe2bf96313ec99.jpg</path>
	<source>
		<database>roboflow.ai</database>
	</source>
	<size>
		<width>275</width>
		<height>183</height>
		<depth>3</depth>
	</size>
	<segmented>0</segmented>
	<object>
		<name>damaged_apple</name>
		<pose>Unspecified</pose>
		<truncated>0</truncated>
		<difficult>0</difficult>
		<occluded>0</occluded>
		<bndbox>
			<xmin>78</xmin>
			<xmax>165</xmax>
			<ymin>59</ymin>
			<ymax>148</ymax>
		</bndbox>
	</object>
	<object>
		<name>damaged_apple</name>
		<pose>Unspecified</pose>
		<truncated>0</truncated>
		<difficult>0</difficult>
		<occluded>0</occluded>
		<bndbox>
			<xmin>151</xmin>
			<xmax>228</xmax>
			<ymin>23</ymin>
			<ymax>101</ymax>
		</bndbox>
	</object>
</annotation>
