<annotation>
	<folder></folder>
	<filename>damaged_apple--107-_jpg.rf.185f1340b72978a50a5697ea4ae1e76e.jpg</filename>
	<path>damaged_apple--107-_jpg.rf.185f1340b72978a50a5697ea4ae1e76e.jpg</path>
	<source>
		<database>roboflow.ai</database>
	</source>
	<size>
		<width>275</width>
		<height>183</height>
		<depth>3</depth>
	</size>
	<segmented>0</segmented>
	<object>
		<name>damaged_apple</name>
		<pose>Unspecified</pose>
		<truncated>0</truncated>
		<difficult>0</difficult>
		<occluded>0</occluded>
		<bndbox>
			<xmin>24</xmin>
			<xmax>268</xmax>
			<ymin>18</ymin>
			<ymax>177</ymax>
		</bndbox>
	</object>
</annotation>
