<annotation>
	<folder></folder>
	<filename>damaged_apple--171-_jpg.rf.7385a39cd3fb3d7c8e2d7800d1026d32.jpg</filename>
	<path>damaged_apple--171-_jpg.rf.7385a39cd3fb3d7c8e2d7800d1026d32.jpg</path>
	<source>
		<database>roboflow.ai</database>
	</source>
	<size>
		<width>275</width>
		<height>183</height>
		<depth>3</depth>
	</size>
	<segmented>0</segmented>
	<object>
		<name>damaged_apple</name>
		<pose>Unspecified</pose>
		<truncated>0</truncated>
		<difficult>0</difficult>
		<occluded>0</occluded>
		<bndbox>
			<xmin>49</xmin>
			<xmax>111</xmax>
			<ymin>94</ymin>
			<ymax>153</ymax>
		</bndbox>
	</object>
	<object>
		<name>damaged_apple</name>
		<pose>Unspecified</pose>
		<truncated>0</truncated>
		<difficult>0</difficult>
		<occluded>0</occluded>
		<bndbox>
			<xmin>111</xmin>
			<xmax>182</xmax>
			<ymin>92</ymin>
			<ymax>161</ymax>
		</bndbox>
	</object>
	<object>
		<name>damaged_apple</name>
		<pose>Unspecified</pose>
		<truncated>0</truncated>
		<difficult>0</difficult>
		<occluded>0</occluded>
		<bndbox>
			<xmin>174</xmin>
			<xmax>241</xmax>
			<ymin>108</ymin>
			<ymax>165</ymax>
		</bndbox>
	</object>
	<object>
		<name>damaged_apple</name>
		<pose>Unspecified</pose>
		<truncated>0</truncated>
		<difficult>0</difficult>
		<occluded>0</occluded>
		<bndbox>
			<xmin>162</xmin>
			<xmax>226</xmax>
			<ymin>83</ymin>
			<ymax>115</ymax>
		</bndbox>
	</object>
</annotation>
